Workbook

Sheet all_prospects
A1: YEAR | B1: ROUND | C1: PLAYER | D1: RANKING | E1: POSITION | F1: TEAM | G1: LEAGUE | H1: NHL_EQUIVALENT | I1: GP | J1: G | K1: A | L1: PTS | M1: PIM | N1: NATIONALITY | O1: FLAG | P1: PLAYER_W_POSITION | Q1: Born | R1: HT | S1: WT | T1: S
A2: 2025 | C2: Matthew Schaefer | D2: 1 | E2: D | F2: Erie Otters | G2: OHL | H2: =VLOOKUP(G2, Sheet3!$A$2:$B$40, 2, FALSE) -> 0.3 | I2: 17 | J2: 7 | K2: 15 | L2: 22 | M2: 8 | N2: CANADA | O2: #VALUE! | P2: Matthew Schaefer (D) | Q2: 39330 | R2: 6'2" | S2: 183 | T2: L
A3: 2025 | C3: Michael Misa | D3: 2 | E3: F | F3: Saginaw Spirit | G3: OHL | H3: =VLOOKUP(G3, Sheet3!$A$2:$B$40, 2, FALSE) -> 0.3 | I3: 65 | J3: 62 | K3: 72 | L3: 134 | M3: 45 | N3: CANADA | O3: #VALUE! | P3: Michael Misa (C/LW) | Q3: 39129 | R3: 6'1" | S3: 185 | T3: L
A4: 2025 | C4: James Hagens | D4: 3 | E4: F | F4: Boston College | G4: NCAA | H4: =VLOOKUP(G4, Sheet3!$A$2:$B$40, 2, FALSE) -> 0.32 | I4: 37 | J4: 11 | K4: 26 | L4: 37 | M4: 24 | N4: USA | O4: #VALUE! | P4: James Hagens (C) | Q4: 39024 | R4: 5'11" | S4: 176 | T4: L
A5: 2025 | C5: Porter Martone | D5: 4 | E5: F | F5: Brampton Steelheads | G5: OHL | H5: =VLOOKUP(G5, Sheet3!$A$2:$B$40, 2, FALSE) -> 0.3 | I5: 57 | J5: 37 | K5: 61 | L5: 98 | M5: 74 | N5: CANADA | O5: #VALUE! | P5: Porter Martone (RW) | Q5: 39016 | R5: 6'3" | S5: 207 | T5: R
A6: 2025 | C6: Anton Frondell | D6: =VLOOKUP(C6, Rankings!$A$2:$B$101, 2, FALSE) -> 5 | E6: F | F6: DjurgÃ¥rdens IF | G6: HockeyAllsvenskan | H6: =VLOOKUP(G6, Sheet3!$A$2:$B$40, 2, FALSE) -> 0.41 | I6: 29 | J6: 11 | K6: 14 | L6: 25 | M6: 16 | N6: SWEDEN | O6: #VALUE! | P6: Anton Frondell (C) | Q6: 39209 | R6: 6'0" | S6: 196 | T6: L
A7: 2025 | C7: Roger McQueen | D7: 6 | E7: F | F7: Brandon Wheat Kings | G7: WHL | H7: =VLOOKUP(G7, Sheet3!$A$2:$B$40, 2, FALSE) -> 0.29 | I7: 17 | J7: 10 | K7: 10 | L7: 20 | M7: 40 | N7: CANADA | O7: #VALUE! | P7: Roger McQueen (F) | Q7: 38992 | R7: 6'5" | S7: 192 | T7: R
A8: 2025 | C8: Victor Eklund | D8: =VLOOKUP(C8, Rankings!$A$2:$B$101, 2, FALSE) -> 7 | E8: F | F8: DjurgÃ¥rdens IF | G8: HockeyAllsvenskan | H8: =VLOOKUP(G8, Sheet3!$A$2:$B$40, 2, FALSE) -> 0.41 | I8: 42 | J8: 19 | K8: 12 | L8: 31 | M8: 37 | N8: SWEDEN | O8: #VALUE! | P8: Victor Eklund (LW) | Q8: 38993 | R8: 5'11" | S8: 161 | T8: R
A9: 2025 | C9: Caleb Desnoyers | D9: 8 | E9: F | F9: Moncton Wildcats | G9: QMJHL | H9: =VLOOKUP(G9, Sheet3!$A$2:$B$40, 2, FALSE) -> 0.27 | I9: 56 | J9: 35 | K9: 49 | L9: 84 | M9: 39 | N9: CANADA | O9: #VALUE! | P9: Caleb Desnoyers (C) | Q9: 39183 | R9: 6'2" | S9: 172 | T9: L
A10: 2025 | C10: Jackson Smith | D10: =VLOOKUP(C10, Rankings!$A$2:$B$101, 2, FALSE) -> 9 | E10: D | F10: Tri-City Americans | G10: WHL | H10: =VLOOKUP(G10, Sheet3!$A$2:$B$40, 2, FALSE) -> 0.29 | I10: 68 | J10: 11 | K10: 43 | L10: 54 | M10: 48 | N10: CANADA | O10: #VALUE! | P10: Jackson Smith (D) | Q10: 39215 | R10: 6'3" | S10: 190 | T10: L
A11: 2025 | C11: Jake O'Brien | D11: =VLOOKUP(C11, Rankings!$A$2:$B$101, 2, FALSE) -> 10 | E11: F | F11: Brantford Bulldogs | G11: OHL | H11: =VLOOKUP(G11, Sheet3!$A$2:$B$40, 2, FALSE) -> 0.3 | I11: 66 | J11: 32 | K11: 66 | L11: 98 | M11: 18 | N11: CANADA | O11: #VALUE! | P11: Jake O'Brien (C) | Q11: 39249 | R11: 6'2" | S11: 170 | T11: R
A12: 2025 | C12: Radim Mrtka | D12: =VLOOKUP(C12, Rankings!$A$2:$B$101, 2, FALSE) -> 11 | E12: D | F12: Seattle Thunderbirds | G12: WHL | H12: =VLOOKUP(G12, Sheet3!$A$2:$B$40, 2, FALSE) -> 0.29 | I12: 43 | J12: 3 | K12: 32 | L12: 35 | M12: 46 | N12: CZECHIA | O12: #VALUE! | P12: Radim Mrtka (D) | Q12: 39242 | R12: 6'6" | S12: 216 | T12: R
A13: 2025 | C13: Carter Bear | D13: =VLOOKUP(C13, Rankings!$A$2:$B$101, 2, FALSE) -> 12 | E13: F | F13: Everett Silvertips | G13: WHL | H13: =VLOOKUP(G13, Sheet3!$A$2:$B$40, 2, FALSE) -> 0.29 | I13: 56 | J13: 40 | K13: 42 | L13: 82 | M13: 77 | N13: CANADA | O13: #VALUE! | P13: Carter Bear (C/LW) | Q13: 39025 | R13: 6'0" | S13: 176 | T13: L
A14: 2025 | C14: Malcolm Spence | D14: =VLOOKUP(C14, Rankings!$A$2:$B$101, 2, FALSE) -> 13 | E14: F | F14: Erie Otters | G14: OHL | H14: =VLOOKUP(G14, Sheet3!$A$2:$B$40, 2, FALSE) -> 0.3 | I14: 65 | J14: 32 | K14: 41 | L14: 73 | M14: 57 | N14: CANADA | O14: #VALUE! | P14: Malcolm Spence (LW) | Q14: 38982 | R14: 6'2" | S14: 201 | T14: L
A15: 2025 | C15: Lynden Lakovic | D15: 14 | E15: F | F15: Moose Jaw Warriors | G15: WHL | H15: =VLOOKUP(G15, Sheet3!$A$2:$B$40, 2, FALSE) -> 0.29 | I15: 47 | J15: 27 | K15: 31 | L15: 58 | M15: 4 | N15: CANADA | O15: #VALUE! | P15: Lynden Lakovic (F) | Q15: 39063 | R15: 6'4" | S15: 190 | T15: L
A16: 2025 | C16: Brady Martin | D16: =VLOOKUP(C16, Rankings!$A$2:$B$101, 2, FALSE) -> 15 | E16: F | F16: Soo Greyhounds | G16: OHL | H16: =VLOOKUP(G16, Sheet3!$A$2:$B$40, 2, FALSE) -> 0.3 | I16: 57 | J16: 33 | K16: 39 | L16: 72 | M16: 68 | N16: CANADA | O16: #VALUE! | P16: Brady Martin (C) | Q16: 39157 | R16: 6'0" | S16: 174 | T16: R
A17: 2025 | C17: Justin Carbonneau | D17: =VLOOKUP(C17, Rankings!$A$2:$B$101, 2, FALSE) -> 16 | E17: F | F17: Blainville-Boisbriand Armada | G17: QMJHL | H17: =VLOOKUP(G17, Sheet3!$A$2:$B$40, 2, FALSE) -> 0.27 | I17: 62 | J17: 46 | K17: 43 | L17: 89 | M17: 61 | N17: CANADA | O17: #VALUE! | P17: Justin Carbonneau (RW) | Q17: 39046 | R17: 6'1" | S17: 192 | T17: R
A18: 2025 | C18: Cullen Potter | D18: =VLOOKUP(C18, Rankings!$A$2:$B$101, 2, FALSE) -> 17 | E18: F | F18: Arizona State Univ. | G18: NCAA | H18: =VLOOKUP(G18, Sheet3!$A$2:$B$40, 2, FALSE) -> 0.32 | I18: 35 | J18: 13 | K18: 9 | L18: 22 | M18: 6 | N18: USA | O18: #VALUE! | P18: Cullen Potter (LW) | Q18: 39092 | R18: 5'10" | S18: 172 | T18: L
A19: 2025 | C19: Logan Hensler | D19: =VLOOKUP(C19, Rankings!$A$2:$B$101, 2, FALSE) -> 18 | E19: D | F19: Univ. of Wisconsin | G19: NCAA | H19: =VLOOKUP(G19, Sheet3!$A$2:$B$40, 2, FALSE) -> 0.32 | I19: 32 | J19: 2 | K19: 10 | L19: 12 | M19: 27 | N19: USA | O19: #VALUE! | P19: Logan Hensler (D) | Q19: 39004 | R19: 6'2" | S19: 196 | T19: R
A20: 2025 | C20: Benjamin Kindel | D20: =VLOOKUP(C20, Rankings!$A$2:$B$101, 2, FALSE) -> 19 | E20: F | F20: Calgary Hitmen | G20: WHL | H20: =VLOOKUP(G20, Sheet3!$A$2:$B$40, 2, FALSE) -> 0.29 | I20: 65 | J20: 35 | K20: 64 | L20: 99 | M20: 39 | N20: CANADA | O20: #VALUE! | P20: Benjamin Kindel (RW) | Q20: 39191 | R20: 5'10" | S20: 176 | T20: R
A21: 2025 | C21: Cameron Reid | D21: =VLOOKUP(C21, Rankings!$A$2:$B$101, 2, FALSE) -> 20 | E21: D | F21: Kitchener Rangers | G21: OHL | H21: =VLOOKUP(G21, Sheet3!$A$2:$B$40, 2, FALSE) -> 0.3 | I21: 67 | J21: 14 | K21: 40 | L21: 54 | M21: 44 | N21: CANADA | O21: #VALUE! | P21: Cameron Reid (D) | Q21: 39180 | R21: 6'0" | S21: 174 | T21: L
A22: 2025 | C22: Braeden Cootes | D22: =VLOOKUP(C22, Rankings!$A$2:$B$101, 2, FALSE) -> 21 | E22: F | F22: Seattle Thunderbirds | G22: WHL | H22: =VLOOKUP(G22, Sheet3!$A$2:$B$40, 2, FALSE) -> 0.29 | I22: 60 | J22: 26 | K22: 37 | L22: 63 | M22: 18 | N22: CANADA | O22: #VALUE! | P22: Braeden Cootes (C) | Q22: 39122 | R22: 6'0" | S22: 183 | T22: R
A23: 2025 | C23: Cole Reschny | D23: =VLOOKUP(C23, Rankings!$A$2:$B$101, 2, FALSE) -> 22 | E23: F | F23: Victoria Royals | G23: WHL | H23: =VLOOKUP(G23, Sheet3!$A$2:$B$40, 2, FALSE) -> 0.29 | I23: 62 | J23: 26 | K23: 66 | L23: 92 | M23: 44 | N23: CANADA | O23: #VALUE! | P23: Cole Reschny (F) | Q23: 39178 | R23: 5'10" | S23: 187 | T23: L
A24: 2025 | C24: Bill Zonnon | D24: =VLOOKUP(C24, Rankings!$A$2:$B$101, 2, FALSE) -> 23 | E24: F | F24: Rouyn-Noranda Huskies | G24: QMJHL | H24: =VLOOKUP(G24, Sheet3!$A$2:$B$40, 2, FALSE) -> 0.27 | I24: 64 | J24: 28 | K24: 55 | L24: 83 | M24: 32 | N24: CANADA | O24: #VALUE! | P24: Bill Zonnon (LW) | Q24: 38993 | R24: 6'2" | S24: 190 | T24: L
A25: 2025 | C25: Kashawn Aitcheson | D25: =VLOOKUP(C25, Rankings!$A$2:$B$101, 2, FALSE) -> 24 | E25: D | F25: Barrie Colts | G25: OHL | H25: =VLOOKUP(G25, Sheet3!$A$2:$B$40, 2, FALSE) -> 0.3 | I25: 64 | J25: 26 | K25: 33 | L25: 59 | M25: 88 | N25: CANADA | O25: #VALUE! | P25: Kashawn Aitcheson (D) | Q25: 38981 | R25: 6'1" | S25: 198 | T25: L
A26: 2025 | C26: Cameron Schmidt | D26: =VLOOKUP(C26, Rankings!$A$2:$B$101, 2, FALSE) -> 25 | E26: F | F26: Vancouver Giants | G26: WHL | H26: =VLOOKUP(G26, Sheet3!$A$2:$B$40, 2, FALSE) -> 0.29 | I26: 61 | J26: 40 | K26: 38 | L26: 78 | M26: 44 | N26: CANADA | O26: #VALUE! | P26: Cameron Schmidt (RW) | Q26: 39101 | R26: 5'7" | S26: 157 | T26: R
A27: 2025 | C27: Milton Gastrin | D27: 26 | E27: F | F27: MoDo Hockey J20 | G27: J20 Nationell | H27: =VLOOKUP(G27, Sheet3!$A$2:$B$40, 2, FALSE) -> 0.27 | I27: 40 | J27: 18 | K27: 24 | L27: 42 | M27: 18 | N27: SWEDEN | O27: #VALUE! | P27: Milton Gästrin (C/LW) | Q27: 39235 | R27: 6'1" | S27: 185 | T27: L
A28: 2025 | C28: Blake Fiddler | D28: =VLOOKUP(C28, Rankings!$A$2:$B$101, 2, FALSE) -> 27 | E28: D | F28: Edmonton Oil Kings | G28: WHL | H28: =VLOOKUP(G28, Sheet3!$A$2:$B$40, 2, FALSE) -> 0.29 | I28: 64 | J28: 10 | K28: 23 | L28: 33 | M28: 36 | N28: USA | O28: #VALUE! | P28: Blake Fiddler (D) | Q28: 39272 | R28: 6'4" | S28: 209 | T28: R
A29: 2025 | C29: Sascha Boumedienne | D29: =VLOOKUP(C29, Rankings!$A$2:$B$101, 2, FALSE) -> 28 | E29: D | F29: Boston Univ. | G29: NCAA | H29: =VLOOKUP(G29, Sheet3!$A$2:$B$40, 2, FALSE) -> 0.32 | I29: 40 | J29: 3 | K29: 10 | L29: 13 | M29: 33 | N29: SWEDEN | O29: #VALUE! | P29: Sascha Boumedienne (D) | Q29: 39099 | R29: 6'2" | S29: 183 | T29: L
A30: 2025 | C30: Ivan Ryabkin | D30: 29 | E30: F | F30: Muskegon Lumberjacks | G30: USHL | H30: =VLOOKUP(G30, Sheet3!$A$2:$B$40, 2, FALSE) -> 0.27 | I30: 27 | J30: 19 | K30: 11 | L30: 30 | M30: 70 | N30: RUSSIA | O30: #VALUE! | P30: Ivan Ryabkin (C) | Q30: 39197 | R30: 6'0" | S30: 201 | T30: L
A31: 2025 | C31: William Moore | D31: =VLOOKUP(C31, Rankings!$A$2:$B$101, 2, FALSE) -> 30 | E31: F | F31: U.S. National U18 Team | G31: NTDP | H31: =VLOOKUP(G31, Sheet3!$A$2:$B$40, 2, FALSE) -> 0.28 | I31: 64 | J31: 27 | K31: 32 | L31: 59 | M31: 8 | N31: USA | O31: #VALUE! | P31: William Moore (C) | Q31: 39165 | R31: 6'2" | S31: 174 | T31: L
A32: 2025 | C32: Jack Murtagh | D32: =VLOOKUP(C32, Rankings!$A$2:$B$101, 2, FALSE) -> 31 | E32: F | F32: U.S. National U18 Team | G32: NTDP | H32: =VLOOKUP(G32, Sheet3!$A$2:$B$40, 2, FALSE) -> 0.28 | I32: 56 | J32: 22 | K32: 31 | L32: 53 | M32: 36 | N32: USA | O32: #VALUE! | P32: Jack Murtagh (C/LW) | Q32: 39316 | R32: 6'1" | S32: 198 | T32: L
A33: 2025 | C33: Joshua Ravensbergen | D33: =VLOOKUP(C33, Rankings!$A$2:$B$101, 2, FALSE) -> 32 | E33: G | F33: Prince George Cougars | G33: WHL | H33: =VLOOKUP(G33, Sheet3!$A$2:$B$40, 2, FALSE) -> 0.29 | I33: 51 | J33: 3 | K33: 0.901 | L33: - | M33: - | N33: CANADA | O33: #VALUE! | P33: Joshua Ravensbergen (G) | Q33: 39048 | R33: 6'5" | S33: 192 | T33: R
A34: 2025 | C34: Jack Nesbitt | D34: =VLOOKUP(C34, Rankings!$A$2:$B$101, 2, FALSE) -> 33 | E34: F | F34: Windsor Spitfires | G34: OHL | H34: =VLOOKUP(G34, Sheet3!$A$2:$B$40, 2, FALSE) -> 0.3 | I34: 65 | J34: 25 | K34: 39 | L34: 64 | M34: 74 | N34: CANADA | O34: #VALUE! | P34: Jack Nesbitt (C) | Q34: 39094 | R34: 6'4" | S34: 183 | T34: L
A35: 2025 | C35: Shane Vansaghi | D35: =VLOOKUP(C35, Rankings!$A$2:$B$101, 2, FALSE) -> 34 | E35: F | F35: Michigan State Univ. | G35: NCAA | H35: =VLOOKUP(G35, Sheet3!$A$2:$B$40, 2, FALSE) -> 0.32 | I35: 37 | J35: 6 | K35: 10 | L35: 16 | M35: 30 | N35: USA | O35: #VALUE! | P35: Shane Vansaghi (RW) | Q35: 39001 | R35: 6'2" | S35: 216 | T35: R
A36: 2025 | C36: Cole McKinney | D36: =VLOOKUP(C36, Rankings!$A$2:$B$101, 2, FALSE) -> 35 | E36: F | F36: U.S. National U18 Team | G36: NTDP | H36: =VLOOKUP(G36, Sheet3!$A$2:$B$40, 2, FALSE) -> 0.28 | I36: 60 | J36: 27 | K36: 34 | L36: 61 | M36: 61 | N36: USA | O36: #VALUE! | P36: Cole McKinney (C) | Q36: 39157 | R36: 6'0" | S36: 198 | T36: R
A37: 2025 | C37: Jakob Ihs-Wozniak | D37: =VLOOKUP(C37, Rankings!$A$2:$B$101, 2, FALSE) -> 36 | E37: F | F37: LuleÃ¥ HF J20 | G37: J20 Nationell | H37: =VLOOKUP(G37, Sheet3!$A$2:$B$40, 2, FALSE) -> 0.27 | I37: 40 | J37: 23 | K37: 34 | L37: 57 | M37: 18 | N37: SWEDEN | O37: #VALUE! | P37: Jakob Ihs-Wozniak (RW) | Q37: 39114 | R37: 6'3" | S37: 185 | T37: R
A38: 2025 | C38: Eric Nilson | D38: =VLOOKUP(C38, Rankings!$A$2:$B$101, 2, FALSE) -> 37 | E38: F | F38: DjurgÃ¥rdens IF J20 | G38: J20 Nationell | H38: =VLOOKUP(G38, Sheet3!$A$2:$B$40, 2, FALSE) -> 0.27 | I38: 37 | J38: 12 | K38: 26 | L38: 38 | M38: 56 | N38: SWEDEN | O38: #VALUE! | P38: Eric Nilson (C) | Q38: 39213 | R38: 6'0" | S38: 154 | T38: R
A39: 2025 | C39: Ryker Lee | D39: 38 | E39: F | F39: Madison Capitols | G39: USHL | H39: =VLOOKUP(G39, Sheet3!$A$2:$B$40, 2, FALSE) -> 0.27 | I39: 58 | J39: 31 | K39: 37 | L39: 68 | M39: 18 | N39: USA | O39: #VALUE! | P39: Ryker Lee (F) | Q39: 39029 | R39: 6'0" | S39: 181 | T39: R
A40: 2025 | C40: Benjamin Kevan | D40: =VLOOKUP(C40, Rankings!$A$2:$B$101, 2, FALSE) -> 39 | E40: F | F40: Des Moines Buccaneers | G40: USHL | H40: =VLOOKUP(G40, Sheet3!$A$2:$B$40, 2, FALSE) -> 0.27 | I40: 51 | J40: 13 | K40: 30 | L40: 43 | M40: 43 | N40: USA | O40: #VALUE! | P40: Benjamin Kevan (F) | Q40: 39085 | R40: 6'0" | S40: 183 | T40: R
A41: 2025 | C41: Adam Benak | D41: 40 | E41: F | F41: Youngstown Phantoms | G41: USHL | H41: =VLOOKUP(G41, Sheet3!$A$2:$B$40, 2, FALSE) -> 0.27 | I41: 56 | J41: 17 | K41: 42 | L41: 59 | M41: 36 | N41: CZECHIA | O41: #VALUE! | P41: Adam Benák (C) | Q41: 39182 | R41: 5'7" | S41: 161 | T41: L
A42: 2025 | C42: Kurban Limatov | D42: =VLOOKUP(C42, Rankings!$A$2:$B$101, 2, FALSE) -> 41 | E42: D | F42: MHK Dynamo Moskva | G42: MHL | H42: =VLOOKUP(G42, Sheet3!$A$2:$B$40, 2, FALSE) -> 0.2 | I42: 46 | J42: 8 | K42: 15 | L42: 23 | M42: 44 | N42: RUSSIA | O42: #VALUE! | P42: Kurban Limatov (D) | Q42: 39161 | R42: 6'3" | S42: 198 | T42: L
A43: 2025 | C43: Nathan Behm | D43: 42 | E43: F | F43: Kamloops Blazers | G43: WHL | H43: =VLOOKUP(G43, Sheet3!$A$2:$B$40, 2, FALSE) -> 0.29 | I43: 59 | J43: 31 | K43: 35 | L43: 66 | M43: 12 | N43: CANADA | O43: #VALUE! | P43: Nathan Behm (LW/RW) | Q43: 39190 | R43: 6'2" | S43: 198 | T43: R
A44: 2025 | C44: William Horcoff | D44: =VLOOKUP(C44, Rankings!$A$2:$B$101, 2, FALSE) -> 43 | E44: F | F44: U.S. National U18 Team | G44: NTDP | H44: =VLOOKUP(G44, Sheet3!$A$2:$B$40, 2, FALSE) -> 0.28 | I44: 28 | J44: 8 | K44: 6 | L44: 14 | M44: 34 | N44: USA | O44: #VALUE! | P44: William Horcoff (C) | Q44: 39105 | R44: 6'4" | S44: 181 | T44: L
A45: 2025 | C45: Henry Brzustewicz | D45: =VLOOKUP(C45, Rankings!$A$2:$B$101, 2, FALSE) -> 44 | E45: D | F45: London Knights | G45: OHL | H45: =VLOOKUP(G45, Sheet3!$A$2:$B$40, 2, FALSE) -> 0.3 | I45: 67 | J45: 10 | K45: 32 | L45: 42 | M45: 77 | N45: USA | O45: #VALUE! | P45: Henry Brzustewicz (D) | Q45: 39122 | R45: 6'1" | S45: 194 | T45: R
A46: 2025 | C46: Carter Amico | D46: 45 | E46: D | F46: U.S. National U18 Team | G46: NTDP | H46: =VLOOKUP(G46, Sheet3!$A$2:$B$40, 2, FALSE) -> 0.28 | I46: 13 | J46: 0 | K46: 3 | L46: 3 | M46: 10 | N46: USA | O46: #VALUE! | P46: Carter Amico (D) | Q46: 39156 | R46: 6'5" | S46: 234 | T46: R
A47: 2025 | C47: Eddie Genborg | D47: 46 | E47: F | F47: LinkÃ¶ping HC J20 | G47: J20 Nationell | H47: =VLOOKUP(G47, Sheet3!$A$2:$B$40, 2, FALSE) -> 0.27 | I47: 28 | J47: 19 | K47: 15 | L47: 34 | M47: 26 | N47: SWEDEN | O47: #VALUE! | P47: Eddie Genborg (LW) | Q47: 39192 | R47: 6'2" | S47: 194 | T47: L
A48: 2025 | C48: Charlie Trethewey | D48: 47 | E48: D | F48: U.S. National U18 Team | G48: NTDP | H48: =VLOOKUP(G48, Sheet3!$A$2:$B$40, 2, FALSE) -> 0.28 | I48: 63 | J48: 6 | K48: 14 | L48: 20 | M48: 35 | N48: USA | O48: #VALUE! | P48: Charlie Trethewey (D) | Q48: 39296 | R48: 6'2" | S48: 196 | T48: R
A49: 2025 | C49: Alexander Zharovsky | D49: =VLOOKUP(C49, Rankings!$A$2:$B$101, 2, FALSE) -> 48 | E49: F | F49: Tolpar Ufa | G49: MHL | H49: =VLOOKUP(G49, Sheet3!$A$2:$B$40, 2, FALSE) -> 0.2 | I49: 45 | J49: 24 | K49: 26 | L49: 50 | M49: 30 | N49: RUSSIA | O49: #VALUE! | P49: Alexander Zharovsky (RW) | Q49: 39135 | R49: 6'1" | S49: 163 | T49: L
A50: 2025 | C50: Conrad Fondrk | D50: =VLOOKUP(C50, Rankings!$A$2:$B$101, 2, FALSE) -> 49 | E50: F | F50: U.S. National U18 Team | G50: NTDP | H50: =VLOOKUP(G50, Sheet3!$A$2:$B$40, 2, FALSE) -> 0.28 | I50: 40 | J50: 13 | K50: 14 | L50: 27 | M50: 6 | N50: USA | O50: #VALUE! | P50: Conrad Fondrk (C) | Q50: 39234 | R50: 6'0" | S50: 192 | T50: L
A51: 2025 | C51: Jack Ivankovic | D51: =VLOOKUP(C51, Rankings!$A$2:$B$101, 2, FALSE) -> 50 | E51: G | F51: Brampton Steelheads | G51: OHL | H51: =VLOOKUP(G51, Sheet3!$A$2:$B$40, 2, FALSE) -> 0.3 | I51: 43 | J51: 3.05 | K51: 0.903 | L51: - | M51: - | N51: CANADA | O51: #VALUE! | P51: Jack Ivankovic (G) | Q51: 39224 | R51: 6'0" | S51: 179 | T51: L
A52: 2025 | C52: Haoxi Wang | D52: =VLOOKUP(C52, Rankings!$A$2:$B$101, 2, FALSE) -> 51 | E52: D | F52: Oshawa Generals | G52: OHL | H52: =VLOOKUP(G52, Sheet3!$A$2:$B$40, 2, FALSE) -> 0.3 | I52: 32 | J52: 0 | K52: 2 | L52: 2 | M52: 19 | N52: CHINA | O52: #VALUE! | P52: Haoxi Wang (D) | Q52: 39290 | R52: 6'6" | S52: 209 | T52: L
A53: 2025 | C53: Luca Romano | D53: =VLOOKUP(C53, Rankings!$A$2:$B$101, 2, FALSE) -> 52 | E53: F | F53: Kitchener Rangers | G53: OHL | H53: =VLOOKUP(G53, Sheet3!$A$2:$B$40, 2, FALSE) -> 0.3 | I53: 67 | J53: 25 | K53: 26 | L53: 51 | M53: 22 | N53: CANADA | O53: #VALUE! | P53: Luca Romano (C) | Q53: 39258 | R53: 5'11" | S53: 168 | T53: R
A54: 2025 | C54: Vaclav Nestrasil | D54: =VLOOKUP(C54, Rankings!$A$2:$B$101, 2, FALSE) -> 53 | E54: F | F54: Muskegon Lumberjacks | G54: USHL | H54: =VLOOKUP(G54, Sheet3!$A$2:$B$40, 2, FALSE) -> 0.27 | I54: 61 | J54: 19 | K54: 23 | L54: 42 | M54: 51 | N54: CZECHIA | O54: #VALUE! | P54: Vaclav Nestrasil (RW) | Q54: 39178 | R54: 6'5" | S54: 190 | T54: R
A55: 2025 | C55: Ethan Czata | D55: =VLOOKUP(C55, Rankings!$A$2:$B$101, 2, FALSE) -> 54 | E55: F | F55: Niagara IceDogs | G55: OHL | H55: =VLOOKUP(G55, Sheet3!$A$2:$B$40, 2, FALSE) -> 0.3 | I55: 68 | J55: 21 | K55: 34 | L55: 55 | M55: 72 | N55: CANADA | O55: #VALUE! | P55: Ethan Czata (C) | Q55: 39231 | R55: 6'1" | S55: 174 | T55: L
A56: 2025 | C56: Viktor Klingsell | D56: =VLOOKUP(C56, Rankings!$A$2:$B$101, 2, FALSE) -> 55 | E56: F | F56: SkellefteÃ¥ AIK J20 | G56: J20 Nationell | H56: =VLOOKUP(G56, Sheet3!$A$2:$B$40, 2, FALSE) -> 0.27 | I56: 43 | J56: 17 | K56: 22 | L56: 39 | M56: 6 | N56: SWEDEN | O56: #VALUE! | P56: Viktor Klingsell (LW) | Q56: 39123 | R56: 5'10" | S56: 183 | T56: L
A57: 2025 | C57: Luka Radivojevic | D57: =VLOOKUP(C57, Rankings!$A$2:$B$101, 2, FALSE) -> 56 | E57: D | F57: Muskegon Lumberjacks | G57: USHL | H57: =VLOOKUP(G57, Sheet3!$A$2:$B$40, 2, FALSE) -> 0.27 | I57: 38 | J57: 3 | K57: 19 | L57: 22 | M57: 39 | N57: SLOVAKIA | O57: #VALUE! | P57: Luka Radivojevic (D) | Q57: 39085 | R57: 5'10" | S57: 168 | T57: R
A58: 2025 | C58: Matthew Gard | D58: =VLOOKUP(C58, Rankings!$A$2:$B$101, 2, FALSE) -> 57 | E58: F | F58: Red Deer Rebels | G58: WHL | H58: =VLOOKUP(G58, Sheet3!$A$2:$B$40, 2, FALSE) -> 0.29 | I58: 66 | J58: 19 | K58: 17 | L58: 36 | M58: 81 | N58: CANADA | O58: #VALUE! | P58: Matthew Gard (F) | Q58: 39179 | R58: 6'4" | S58: 192 | T58: L
A59: 2025 | C59: Kristian Epperson | D59: =VLOOKUP(C59, Rankings!$A$2:$B$101, 2, FALSE) -> 58 | E59: F | F59: Saginaw Spirit | G59: OHL | H59: =VLOOKUP(G59, Sheet3!$A$2:$B$40, 2, FALSE) -> 0.3 | I59: 58 | J59: 27 | K59: 53 | L59: 80 | M59: 87 | N59: USA | O59: #VALUE! | P59: Kristian Epperson (LW) | Q59: 38853 | R59: 6'0" | S59: 185 | T59: L
A60: 2025 | C60: Arvid Drott | D60: =VLOOKUP(C60, Rankings!$A$2:$B$101, 2, FALSE) -> 59 | E60: F | F60: DjurgÃ¥rdens IF J20 | G60: J20 Nationell | H60: =VLOOKUP(G60, Sheet3!$A$2:$B$40, 2, FALSE) -> 0.27 | I60: 40 | J60: 18 | K60: 18 | L60: 36 | M60: 14 | N60: SWEDEN | O60: #VALUE! | P60: Arvid Drott (RW) | Q60: 39305 | R60: 6'1" | S60: 187 | T60: R
A61: 2025 | C61: Gustav Hillstrom | D61: 60 | E61: F | F61: BrynÃ¤s IF J20 | G61: J20 Nationell | H61: =VLOOKUP(G61, Sheet3!$A$2:$B$40, 2, FALSE) -> 0.27 | I61: 43 | J61: 16 | K61: 22 | L61: 38 | M61: 16 | N61: SWEDEN | O61: #VALUE! | P61: Gustav Hillström (C) | Q61: 39102 | R61: 6'2" | S61: 176 | T61: R
A62: 2025 | C62: Peyton Kettles | D62: =VLOOKUP(C62, Rankings!$A$2:$B$101, 2, FALSE) -> 61 | E62: D | F62: Swift Current Broncos | G62: WHL | H62: =VLOOKUP(G62, Sheet3!$A$2:$B$40, 2, FALSE) -> 0.29 | I62: 53 | J62: 5 | K62: 9 | L62: 14 | M62: 65 | N62: CANADA | O62: #VALUE! | P62: Peyton Kettles (D) | Q62: 39326 | R62: 6'5" | S62: 194 | T62: R
A63: 2025 | C63: Pyotr Andreyanov | D63: =VLOOKUP(C63, Rankings!$A$2:$B$101, 2, FALSE) -> 62 | E63: G | F63: Krasnaya Armiya Moskva | G63: MHL | H63: =VLOOKUP(G63, Sheet3!$A$2:$B$40, 2, FALSE) -> 0.2 | I63: 37 | J63: 1.75 | K63: 0.942 | L63: - | M63: - | N63: RUSSIA | O63: #VALUE! | P63: Pyotr Andreyanov (G) | Q63: 39104 | R63: 6'2" | S63: 207 | T63: L
A64: 2025 | C64: Alexei Medvedev | D64: =VLOOKUP(C64, Rankings!$A$2:$B$101, 2, FALSE) -> 63 | E64: G | F64: London Knights | G64: OHL | H64: =VLOOKUP(G64, Sheet3!$A$2:$B$40, 2, FALSE) -> 0.3 | I64: 34 | J64: 2.79 | K64: 0.912 | L64: - | M64: - | N64: RUSSIA | O64: #VALUE! | P64: Alexei Medvedev (G) | Q64: 39335 | R64: 6'3" | S64: 181 | T64: L
A65: 2025 | C65: Michal Svrcek | D65: =VLOOKUP(C65, Rankings!$A$2:$B$101, 2, FALSE) -> 64 | E65: F | F65: BrynÃ¤s IF J20 | G65: J20 Nationell | H65: =VLOOKUP(G65, Sheet3!$A$2:$B$40, 2, FALSE) -> 0.27 | I65: 30 | J65: 14 | K65: 16 | L65: 30 | M65: 10 | N65: SLOVAKIA | O65: #VALUE! | P65: Michal Svrcek (C/LW) | Q65: 39108 | R65: 5'10" | S65: 176 | T65: L
A66: 2025 | C66: Tomas Pobezal | D66: =VLOOKUP(C66, Rankings!$A$2:$B$101, 2, FALSE) -> 65 | E66: F | F66: HK Nitra | G66: Slovakia | H66: =VLOOKUP(G66, Sheet3!$A$2:$B$40, 2, FALSE) -> 0.28 | I66: 42 | J66: 15 | K66: 8 | L66: 23 | M66: 24 | N66: SLOVAKIA | O66: #VALUE! | P66: Tomas Pobezal (C) | Q66: 38978 | R66: 5'10" | S66: 179 | T66: L
A67: 2025 | C67: L.J. Mooney | D67: =VLOOKUP(C67, Rankings!$A$2:$B$101, 2, FALSE) -> 66 | E67: F | F67: U.S. National U18 Team | G67: NTDP | H67: =VLOOKUP(G67, Sheet3!$A$2:$B$40, 2, FALSE) -> 0.28 | I67: 51 | J67: 10 | K67: 41 | L67: 51 | M67: 25 | N67: USA | O67: #VALUE! | P67: L.J. Mooney (RW) | Q67: 39149 | R67: 5'7" | S67: 157 | T67: R
A68: 2025 | C68: Vojtěch Čihař | D68: 67 | E68: F | F68: HC Energie Karlovy Vary | G68: Czechia | H68: =VLOOKUP(G68, Sheet3!$A$2:$B$40, 2, FALSE) -> 0.47 | I68: 43 | J68: 4 | K68: 5 | L68: 9 | M68: 8 | N68: CZECHIA | O68: #VALUE! | P68: Vojtěch Čihař (LW) | Q68: 39170 | R68: 6'1" | S68: 187 | T68: L
A69: 2025 | C69: Jacob Rombach | D69: =VLOOKUP(C69, Rankings!$A$2:$B$101, 2, FALSE) -> 68 | E69: D | F69: Lincoln Stars | G69: USHL | H69: =VLOOKUP(G69, Sheet3!$A$2:$B$40, 2, FALSE) -> 0.27 | I69: 57 | J69: 3 | K69: 15 | L69: 18 | M69: 57 | N69: USA | O69: #VALUE! | P69: Jacob Rombach (D) | Q69: 39173 | R69: 6'6" | S69: 201 | T69: L
A70: 2025 | C70: Semyon Frolov | D70: =VLOOKUP(C70, Rankings!$A$2:$B$101, 2, FALSE) -> 69 | E70: G | F70: Ladia Togliatti | G70: MHL | H70: =VLOOKUP(G70, Sheet3!$A$2:$B$40, 2, FALSE) -> 0.2 | I70: 9 | J70: 1.83 | K70: 0.937 | L70: - | M70: - | N70: RUSSIA | O70: #VALUE! | P70: Semyon Frolov (G) | Q70: 39099 | R70: 6'3" | S70: 203 | T70: L
A71: 2025 | C71: Mason West | D71: =VLOOKUP(C71, Rankings!$A$2:$B$101, 2, FALSE) -> 70 | E71: F | F71: Edina High | G71: USHS-MN | H71: =VLOOKUP(G71, Sheet3!$A$2:$B$40, 2, FALSE) -> 0.08 | I71: 31 | J71: 27 | K71: 22 | L71: 49 | M71: 10 | N71: USA | O71: #VALUE! | P71: Mason West (F) | Q71: 39297 | R71: 6'6" | S71: 207 | T71: R
A72: 2025 | C72: Max Psenicka | D72: 71 | E72: D | F72: Portland Winterhawks | G72: WHL | H72: =VLOOKUP(G72, Sheet3!$A$2:$B$40, 2, FALSE) -> 0.29 | I72: 24 | J72: 1 | K72: 6 | L72: 7 | M72: 12 | N72: CZECHIA | O72: #VALUE! | P72: Max Psenicka (D) | Q72: 39100 | R72: 6'4" | S72: 185 | T72: R
A73: 2025 | C73: Topias Hynninen | D73: =VLOOKUP(C73, Rankings!$A$2:$B$101, 2, FALSE) -> 72 | E73: F | F73: Jukurit | G73: Liiga | H73: =VLOOKUP(G73, Sheet3!$A$2:$B$40, 2, FALSE) -> 0.54 | I73: 51 | J73: 12 | K73: 23 | L73: 35 | M73: 6 | N73: FINLAND | O73: #VALUE! | P73: Topias Hynninen (C) | Q73: 38705 | R73: 5'11" | S73: 176 | T73: L
A74: 2025 | C74: Harry Nansi | D74: =VLOOKUP(C74, Rankings!$A$2:$B$101, 2, FALSE) -> 73 | E74: F | F74: Owen Sound Attack | G74: OHL | H74: =VLOOKUP(G74, Sheet3!$A$2:$B$40, 2, FALSE) -> 0.3 | I74: 67 | J74: 7 | K74: 16 | L74: 23 | M74: 14 | N74: CANADA | O74: #VALUE! | P74: Harry Nansi (C) | Q74: 39335 | R74: 6'3" | S74: 179 | T74: R
A75: 2025 | C75: Filip Ekberg | D75: =VLOOKUP(C75, Rankings!$A$2:$B$101, 2, FALSE) -> 74 | E75: F | F75: Ottawa 67's | G75: OHL | H75: =VLOOKUP(G75, Sheet3!$A$2:$B$40, 2, FALSE) -> 0.3 | I75: 53 | J75: 16 | K75: 29 | L75: 45 | M75: 8 | N75: SWEDEN | O75: #VALUE! | P75: Filip Ekberg (LW) | Q75: 39186 | R75: 5'10" | S75: 168 | T75: L
A76: 2025 | C76: Maxim Agafonov | D76: 75 | E76: D | F76: Tolpar Ufa | G76: MHL | H76: =VLOOKUP(G76, Sheet3!$A$2:$B$40, 2, FALSE) -> 0.2 | I76: 35 | J76: 6 | K76: 8 | L76: 14 | M76: 22 | N76: RUSSIA | O76: #VALUE! | P76: Maxim Agafonov (D) | Q76: 39182 | R76: 6'2" | S76: 198 | T76: R
A77: 2025 | C77: Tomas Poletin | D77: =VLOOKUP(C77, Rankings!$A$2:$B$101, 2, FALSE) -> 76 | E77: F | F77: Pelicans U20 | G77: U20 SM-sarja | H77: =VLOOKUP(G77, Sheet3!$A$2:$B$40, 2, FALSE) -> 0.22 | I77: 25 | J77: 13 | K77: 7 | L77: 20 | M77: 14 | N77: CZECHIA | O77: #VALUE! | P77: Tomas Poletin (LW) | Q77: 39202 | R77: 6'1" | S77: 196 | T77: L
A78: 2025 | C78: Alex Huang | D78: =VLOOKUP(C78, Rankings!$A$2:$B$101, 2, FALSE) -> 77 | E78: D | F78: Chicoutimi SaguenÃ©ens | G78: QMJHL | H78: =VLOOKUP(G78, Sheet3!$A$2:$B$40, 2, FALSE) -> 0.27 | I78: 64 | J78: 7 | K78: 33 | L78: 40 | M78: 16 | N78: CANADA | O78: #VALUE! | P78: Alex Huang (D) | Q78: 39293 | R78: 6'0" | S78: 161 | T78: R
A79: 2025 | C79: Theo Stockselius | D79: =VLOOKUP(C79, Rankings!$A$2:$B$101, 2, FALSE) -> 78 | E79: F | F79: DjurgÃ¥rdens IF J20 | G79: J20 Nationell | H79: =VLOOKUP(G79, Sheet3!$A$2:$B$40, 2, FALSE) -> 0.27 | I79: 40 | J79: 22 | K79: 29 | L79: 51 | M79: 50 | N79: SWEDEN | O79: #VALUE! | P79: Theo Stockselius (F) | Q79: 39287 | R79: 6'3" | S79: 183 | T79: L
A80: 2025 | C80: Daniil Prokhorov | D80: =VLOOKUP(C80, Rankings!$A$2:$B$101, 2, FALSE) -> 79 | E80: F | F80: MHK Dynamo St. Petersburg | G80: MHL | H80: =VLOOKUP(G80, Sheet3!$A$2:$B$40, 2, FALSE) -> 0.2 | I80: 43 | J80: 20 | K80: 7 | L80: 27 | M80: 14 | N80: RUSSIA | O80: #VALUE! | P80: Daniil Prokhorov (RW) | Q80: 39199 | R80: 6'6" | S80: 209 | T80: L
A81: 2025 | C81: Jamiro Reber | D81: 80 | E81: F | F81: HV71 | G81: SHL | H81: =VLOOKUP(G81, Sheet3!$A$2:$B$40, 2, FALSE) -> 0.55 | I81: 47 | J81: 8 | K81: 7 | L81: 15 | M81: 6 | N81: SWITZERLAND | O81: #VALUE! | P81: Jamiro Reber (C/LW) | Q81: 38964 | R81: 5'10" | S81: 176 | T81: L
A82: 2025 | C82: Dakoda Rhéaume-Mullen | D82: 81 | E82: D | F82: Univ. of Michigan | G82: NCAA | H82: =VLOOKUP(G82, Sheet3!$A$2:$B$40, 2, FALSE) -> 0.32 | I82: 35 | J82: 3 | K82: 6 | L82: 9 | M82: 8 | N82: USA | O82: #VALUE! | P82: Dakoda Rhéaume-Mullen (D) | Q82: 39069 | R82: 6'0" | S82: 181 | T82: L
A83: 2025 | C83: Carlos Händel | D83: 82 | E83: D | F83: Halifax Mooseheads | G83: QMJHL | H83: =VLOOKUP(G83, Sheet3!$A$2:$B$40, 2, FALSE) -> 0.27 | I83: 52 | J83: 3 | K83: 23 | L83: 26 | M83: 20 | N83: GERMANY | O83: #VALUE! | P83: Carlos Händel (D) | Q83: 39172 | R83: 6'1" | S83: 170 | T83: R
A84: 2025 | C84: Bruno Osmanis | D84: 83 | E84: F | F84: IF BjÃ¶rklÃ¶ven | G84: HockeyAllsvenskan | H84: =VLOOKUP(G84, Sheet3!$A$2:$B$40, 2, FALSE) -> 0.41 | I84: 27 | J84: 1 | K84: 6 | L84: 7 | M84: 4 | N84: LATVIA | O84: #VALUE! | P84: Bruno Osmanis (RW) | Q84: 39067 | R84: 5'11" | S84: 170 | T84: R
A85: 2025 | C85: Hayden Paupanekis | D85: 84 | E85: F | F85: Kelowna Rockets | G85: WHL | H85: =VLOOKUP(G85, Sheet3!$A$2:$B$40, 2, FALSE) -> 0.29 | I85: 32 | J85: 11 | K85: 8 | L85: 19 | M85: 28 | N85: CANADA | O85: #VALUE! | P85: Hayden Paupanekis (F) | Q85: 39117 | R85: 6'4" | S85: 203 | T85: R
A86: 2025 | C86: Reese Hamilton | D86: =VLOOKUP(C86, Rankings!$A$2:$B$101, 2, FALSE) -> 85 | E86: D | F86: Regina Pats | G86: WHL | H86: =VLOOKUP(G86, Sheet3!$A$2:$B$40, 2, FALSE) -> 0.29 | I86: 39 | J86: 3 | K86: 8 | L86: 11 | M86: 23 | N86: CANADA | O86: #VALUE! | P86: Reese Hamilton (D) | Q86: 39167 | R86: 6'1" | S86: 170 | T86: L
A87: 2025 | C87: Tyler Hopkins | D87: =VLOOKUP(C87, Rankings!$A$2:$B$101, 2, FALSE) -> 86 | E87: F | F87: Kingston Frontenacs | G87: OHL | H87: =VLOOKUP(G87, Sheet3!$A$2:$B$40, 2, FALSE) -> 0.3 | I87: 67 | J87: 20 | K87: 31 | L87: 51 | M87: 18 | N87: CANADA | O87: #VALUE! | P87: Tyler Hopkins (C) | Q87: 39105 | R87: 6'1" | S87: 181 | T87: L
A88: 2025 | C88: Philippe Veilleux | D88: =VLOOKUP(C88, Rankings!$A$2:$B$101, 2, FALSE) -> 87 | E88: F | F88: Val-d'Or Foreurs | G88: QMJHL | H88: =VLOOKUP(G88, Sheet3!$A$2:$B$40, 2, FALSE) -> 0.27 | I88: 64 | J88: 40 | K88: 47 | L88: 87 | M88: 16 | N88: CANADA | O88: #VALUE! | P88: Philippe Veilleux (LW/RW) | Q88: 39167 | R88: 5'9" | S88: 165 | T88: L
A89: 2025 | C89: Quinn Beauchesne | D89: =VLOOKUP(C89, Rankings!$A$2:$B$101, 2, FALSE) -> 88 | E89: D | F89: Guelph Storm | G89: OHL | H89: =VLOOKUP(G89, Sheet3!$A$2:$B$40, 2, FALSE) -> 0.3 | I89: 49 | J89: 6 | K89: 18 | L89: 24 | M89: 51 | N89: CANADA | O89: #VALUE! | P89: Quinn Beauchesne (D) | Q89: 39142 | R89: 6'0" | S89: 187 | T89: R
A90: 2025 | C90: Shamar Moses | D90: =VLOOKUP(C90, Rankings!$A$2:$B$101, 2, FALSE) -> 89 | E90: F | F90: North Bay Battalion | G90: OHL | H90: =VLOOKUP(G90, Sheet3!$A$2:$B$40, 2, FALSE) -> 0.3 | I90: 61 | J90: 12 | K90: 36 | L90: 48 | M90: 33 | N90: CANADA | O90: #VALUE! | P90: Shamar Moses (RW) | Q90: 39208 | R90: 6'1" | S90: 203 | T90: R
A91: 2025 | C91: Jan Chovan | D91: 90 | E91: F | F91: Tappara U20 | G91: U20 SM-sarja | H91: =VLOOKUP(G91, Sheet3!$A$2:$B$40, 2, FALSE) -> 0.22 | I91: 39 | J91: 11 | K91: 12 | L91: 23 | M91: 6 | N91: SLOVAKIA | O91: #VALUE! | P91: Jan Chovan (C/RW) | Q91: 39091 | R91: 6'3" | S91: 187 | T91: L
A92: 2025 | C92: Lasse Boelius | D92: =VLOOKUP(C92, Rankings!$A$2:$B$101, 2, FALSE) -> 91 | E92: D | F92: Ã„ssÃ¤t U20 | G92: U20 SM-sarja | H92: =VLOOKUP(G92, Sheet3!$A$2:$B$40, 2, FALSE) -> 0.22 | I92: 34 | J92: 4 | K92: 14 | L92: 18 | M92: 16 | N92: FINLAND | O92: #VALUE! | P92: Lasse Boelius (D) | Q92: 39157 | R92: 6'1" | S92: 187 | T92: L
A93: 2025 | C93: Mason Moe | D93: =VLOOKUP(C93, Rankings!$A$2:$B$101, 2, FALSE) -> 92 | E93: F | F93: Madison Capitols | G93: USHL | H93: =VLOOKUP(G93, Sheet3!$A$2:$B$40, 2, FALSE) -> 0.27 | I93: 51 | J93: 17 | K93: 26 | L93: 43 | M93: 26 | N93: USA | O93: #VALUE! | P93: Mason Moe (F) | Q93: 39167 | R93: 6'1" | S93: 185 | T93: L
A94: 2025 | C94: Michal Pradel | D94: 93 | E94: G | F94: Tri-City Storm | G94: USHL | H94: =VLOOKUP(G94, Sheet3!$A$2:$B$40, 2, FALSE) -> 0.27 | I94: 14 | J94: 2.41 | K94: 0.899 | L94: - | M94: - | N94: SLOVAKIA | O94: #VALUE! | P94: Michal Pradel (G) | Q94: 39151 | R94: 6'5" | S94: 194 | T94: L
A95: 2025 | C95: Jimmy Lombardi | D95: =VLOOKUP(C95, Rankings!$A$2:$B$101, 2, FALSE) -> 94 | E95: F | F95: Flint Firebirds | G95: OHL | H95: =VLOOKUP(G95, Sheet3!$A$2:$B$40, 2, FALSE) -> 0.3 | I95: 63 | J95: 13 | K95: 32 | L95: 45 | M95: 42 | N95: CANADA | O95: #VALUE! | P95: Jimmy Lombardi (C) | Q95: 39129 | R95: 6'0" | S95: 179 | T95: L
A96: 2025 | C96: David Bedkowski | D96: =VLOOKUP(C96, Rankings!$A$2:$B$101, 2, FALSE) -> 95 | E96: D | F96: Owen Sound Attack | G96: OHL | H96: =VLOOKUP(G96, Sheet3!$A$2:$B$40, 2, FALSE) -> 0.3 | I96: 35 | J96: 3 | K96: 4 | L96: 7 | M96: 73 | N96: CANADA | O96: #VALUE! | P96: David Bedkowski (D) | Q96: 39058 | R96: 6'5" | S96: 214 | T96: R
A97: 2025 | C97: Owen Conrad | D97: =VLOOKUP(C97, Rankings!$A$2:$B$101, 2, FALSE) -> 96 | E97: D | F97: Charlottetown Islanders | G97: QMJHL | H97: =VLOOKUP(G97, Sheet3!$A$2:$B$40, 2, FALSE) -> 0.27 | I97: 64 | J97: 7 | K97: 19 | L97: 26 | M97: 32 | N97: CANADA | O97: #VALUE! | P97: Owen Conrad (D) | Q97: 39151 | R97: 6'3" | S97: 209 | T97: L
A98: 2025 | C98: Anthony Allain-Samaké | D98: 97 | E98: D | F98: Sioux City Musketeers | G98: USHL | H98: =VLOOKUP(G98, Sheet3!$A$2:$B$40, 2, FALSE) -> 0.27 | I98: 61 | J98: 0 | K98: 14 | L98: 14 | M98: 30 | N98: CANADA | O98: #VALUE! | P98: Anthony Allain-Samaké (D) | Q98: 39335 | R98: 6'0" | S98: 165 | T98: L
A99: 2025 | C99: Zachary Morin | D99: =VLOOKUP(C99, Rankings!$A$2:$B$101, 2, FALSE) -> 98 | E99: F | F99: Saint John Sea Dogs | G99: QMJHL | H99: =VLOOKUP(G99, Sheet3!$A$2:$B$40, 2, FALSE) -> 0.27 | I99: 56 | J99: 16 | K99: 20 | L99: 36 | M99: 21 | N99: CANADA | O99: #VALUE! | P99: Zachary Morin (LW) | Q99: 39107 | R99: 6'2" | S99: 174 | T99: L
A100: 2025 | C100: Melvin Novotny | D100: =VLOOKUP(C100, Rankings!$A$2:$B$101, 2, FALSE) -> 99 | E100: F | F100: Leksands IF J20 | G100: J20 Nationell | H100: =VLOOKUP(G100, Sheet3!$A$2:$B$40, 2, FALSE) -> 0.27 | I100: 41 | J100: 12 | K100: 26 | L100: 38 | M100: 37 | N100: SWEDEN | O100: #VALUE! | P100: Melvin Novotny (F) | Q100: 39175 | R100: 6'1" | S100: 187 | T100: L
...

Sheet Pivot_Table
A3: Row Labels | B3: Count of NATIONALITY
A4: CANADA | B4: 40
A5: CHINA | B5: 1
A6: CZECHIA | B6: 6
A7: FINLAND | B7: 2
A8: GERMANY | B8: 1
A9: LATVIA | B9: 1
A10: RUSSIA | B10: 8
A11: SLOVAKIA | B11: 5
A12: SWEDEN | B12: 14
A13: SWITZERLAND | B13: 1
A14: USA | B14: 21
A15: Grand Total | B15: 100

Sheet Sheet10
A1: Country | B1: Total
A2: CANADA | B2: 40
A3: CHINA | B3: 1
A4: CZECHIA | B4: 6
A5: FINLAND | B5: 2
A6: GERMANY | B6: 1
A7: LATVIA | B7: 1
A8: RUSSIA | B8: 8
A9: SLOVAKIA | B9: 5
A10: SWEDEN | B10: 14
A11: SWITZERLAND | B11: 1

Sheet league_and_position
A1: League | B1: Count | M1: Position | N1: Count
A2: OHL | B2: 23 | M2: F | N2: 66
A3: WHL | B3: 17 | M3: D | N3: 28
A4: J20 Nationell | B4: 11 | M4: G | N4: 6
A5: USHL | B5: 10
A6: NTDP | B6: 8
A7: QMJHL | B7: 8
A8: MHL | B8: 6
A9: NCAA | B9: 6
A10: HockeyAllsvenskan | B10: 3
A11: U20 SM-sarja | B11: 3
A12: Czechia | B12: 1
A13: Liiga | B13: 1
A14: SHL | B14: 1
A15: Slovakia | B15: 1
A16: USHS-MN | B16: 1

Sheet top_10
A1: NATIONALITY | B1: COUNT | C1: RELATIVE | F1: NATIONALITY | G1: RELATIVE | I1: PLAYER | J1: RANKING | K1: POSITION | L1: LEAGUE | M1: NATIONALITY | N1: FLAG
A2: CANADA | B2: 40 | C2: =B2/B13 -> 0.4 | F2: CANADA | G2: 0.4 | I2: Matthew Schaefer | J2: 1 | K2: D | L2: OHL | M2: CANADA | N2: #VALUE!
A3: CHINA | B3: 1 | C3: =B3/B13 -> 0.01 | F3: USA | G3: 0.21 | I3: Michael Misa | J3: 2 | K3: F | L3: OHL | M3: CANADA | N3: #VALUE!
A4: CZECHIA | B4: 6 | C4: =B4/B13 -> 0.06 | F4: SWEDEN | G4: 0.14 | I4: James Hagens | J4: 3 | K4: F | L4: NCAA | M4: USA | N4: #VALUE!
A5: FINLAND | B5: 2 | C5: =B5/B13 -> 0.02 | F5: RUSSIA | G5: 0.08 | I5: Porter Martone | J5: 4 | K5: F | L5: OHL | M5: CANADA | N5: #VALUE!
A6: GERMANY | B6: 1 | C6: =B6/B13 -> 0.01 | F6: CZECHIA | G6: 0.06 | I6: Anton Frondell | J6: 5 | K6: F | L6: HockeyAllsvenskan | M6: SWEDEN | N6: #VALUE!
A7: LATVIA | B7: 1 | C7: =B7/B13 -> 0.01 | F7: SLOVAKIA | G7: 0.05 | I7: Roger McQueen | J7: 6 | K7: F | L7: WHL | M7: CANADA | N7: #VALUE!
A8: RUSSIA | B8: 8 | C8: =B8/B13 -> 0.08 | F8: FINLAND | G8: 0.02 | I8: Victor Eklund | J8: 7 | K8: F | L8: HockeyAllsvenskan | M8: SWEDEN | N8: #VALUE!
A9: SLOVAKIA | B9: 5 | C9: =B9/B13 -> 0.05 | F9: CHINA | G9: 0.01 | I9: Caleb Desnoyers | J9: 8 | K9: F | L9: QMJHL | M9: CANADA | N9: #VALUE!
A10: SWEDEN | B10: 14 | C10: =B10/B13 -> 0.14 | F10: GERMANY | G10: 0.01 | I10: Jackson Smith | J10: 9 | K10: D | L10: WHL | M10: CANADA | N10: #VALUE!
A11: SWITZERLAND | B11: 1 | C11: =B11/B13 -> 0.01 | F11: LATVIA | G11: 0.01 | I11: Jake O'Brien | J11: 10 | K11: F | L11: OHL | M11: CANADA | N11: #VALUE!
A12: USA | B12: 21 | C12: =B12/B13 -> 0.21 | F12: SWITZERLAND | G12: 0.01
A13: TOTAL | B13: =SUM(B2:B12) -> 100 | C13: =SUM(C2:C12) -> 1

Sheet top_100_prospects only
A1: YEAR | B1: ROUND | C1: PLAYER | D1: RANKING | E1: POSITION | F1: TEAM | G1: LEAGUE | H1: NHL_EQUIVALENT | I1: GP | J1: G | K1: A | L1: PTS | M1: PIM | N1: GPG | O1: APG | P1: PTSPG | Q1: PIMPG | R1: PIMPPTS | S1: PEN_EFFICIENCY | T1: NHLe | U1: GPTSRATIO | V1: APTSRATIO | W1: GAA | X1: S_PCT | Y1: NATIONALITY | Z1: FLAG | AA1: PLAYER_W_POSITION | AB1: BIRTH_DATE | AC1: HEIGHT | AD1: WEIGHT | AE1: SHOOTS
A2: 2025 | C2: Matthew Schaefer | D2: 1 | E2: D | F2: Erie Otters | G2: OHL | H2: 0.3 | I2: 17 | J2: 7 | K2: 15 | L2: 22 | M2: 8 | N2: =Table24[[#This Row],[G]]/Table24[[#This Row],[GP]] -> 0.41176471 | O2: =Table24[[#This Row],[A]]/Table24[[#This Row],[GP]] -> 0.88235294 | P2: =Table24[[#This Row],[PTS]]/Table24[[#This Row],[GP]] -> 1.2941176 | Q2: =Table24[[#This Row],[PIM]]/Table24[[#This Row],[GP]] -> 0.47058824 | R2: =Table24[[#This Row],[PIM]]/Table24[[#This Row],[PTS]] -> 0.36363636 | S2: =Table24[[#This Row],[PTS]]/Table24[[#This Row],[PIM]] -> 2.75 | T2: =Table24[[#This Row],[PTS]]/Table24[[#This Row],[GP]]*Table24[[#This Row],[NHL_EQUIVALENT]] -> 0.38823529 | U2: =Table24[[#This Row],[G]]/Table24[[#This Row],[PTS]] -> 0.31818182 | V2: =Table24[[#This Row],[A]]/Table24[[#This Row],[PTS]] -> 0.68181818 | W2: 0 | X2: 0 | Y2: CANADA | Z2: #VALUE! | AA2: Matthew Schaefer (D) | AB2: 39330 | AC2: 6'2" | AD2: 183 | AE2: L
A3: 2025 | C3: Michael Misa | D3: 2 | E3: F | F3: Saginaw Spirit | G3: OHL | H3: 0.3 | I3: 65 | J3: 62 | K3: 72 | L3: 134 | M3: 45 | N3: =Table24[[#This Row],[G]]/Table24[[#This Row],[GP]] -> 0.95384615 | O3: =Table24[[#This Row],[A]]/Table24[[#This Row],[GP]] -> 1.1076923 | P3: =Table24[[#This Row],[PTS]]/Table24[[#This Row],[GP]] -> 2.0615385 | Q3: =Table24[[#This Row],[PIM]]/Table24[[#This Row],[GP]] -> 0.69230769 | R3: =Table24[[#This Row],[PIM]]/Table24[[#This Row],[PTS]] -> 0.3358209 | S3: =Table24[[#This Row],[PTS]]/Table24[[#This Row],[PIM]] -> 2.9777778 | T3: =Table24[[#This Row],[PTS]]/Table24[[#This Row],[GP]]*Table24[[#This Row],[NHL_EQUIVALENT]] -> 0.61846154 | U3: =Table24[[#This Row],[G]]/Table24[[#This Row],[PTS]] -> 0.46268657 | V3: =Table24[[#This Row],[A]]/Table24[[#This Row],[PTS]] -> 0.53731343 | W3: 0 | X3: 0 | Y3: CANADA | Z3: #VALUE! | AA3: Michael Misa (C/LW) | AB3: 39129 | AC3: 6'1" | AD3: 185 | AE3: L
A4: 2025 | C4: James Hagens | D4: 3 | E4: F | F4: Boston College | G4: NCAA | H4: 0.32 | I4: 37 | J4: 11 | K4: 26 | L4: 37 | M4: 24 | N4: =Table24[[#This Row],[G]]/Table24[[#This Row],[GP]] -> 0.2972973 | O4: =Table24[[#This Row],[A]]/Table24[[#This Row],[GP]] -> 0.7027027 | P4: =Table24[[#This Row],[PTS]]/Table24[[#This Row],[GP]] -> 1 | Q4: =Table24[[#This Row],[PIM]]/Table24[[#This Row],[GP]] -> 0.64864865 | R4: =Table24[[#This Row],[PIM]]/Table24[[#This Row],[PTS]] -> 0.64864865 | S4: =Table24[[#This Row],[PTS]]/Table24[[#This Row],[PIM]] -> 1.5416667 | T4: =Table24[[#This Row],[PTS]]/Table24[[#This Row],[GP]]*Table24[[#This Row],[NHL_EQUIVALENT]] -> 0.32 | U4: =Table24[[#This Row],[G]]/Table24[[#This Row],[PTS]] -> 0.2972973 | V4: =Table24[[#This Row],[A]]/Table24[[#This Row],[PTS]] -> 0.7027027 | W4: 0 | X4: 0 | Y4: USA | Z4: #VALUE! | AA4: James Hagens (C) | AB4: 39024 | AC4: 5'11" | AD4: 176 | AE4: L
A5: 2025 | C5: Porter Martone | D5: 4 | E5: F | F5: Brampton Steelheads | G5: OHL | H5: 0.3 | I5: 57 | J5: 37 | K5: 61 | L5: 98 | M5: 74 | N5: =Table24[[#This Row],[G]]/Table24[[#This Row],[GP]] -> 0.64912281 | O5: =Table24[[#This Row],[A]]/Table24[[#This Row],[GP]] -> 1.0701754 | P5: =Table24[[#This Row],[PTS]]/Table24[[#This Row],[GP]] -> 1.7192982 | Q5: =Table24[[#This Row],[PIM]]/Table24[[#This Row],[GP]] -> 1.2982456 | R5: =Table24[[#This Row],[PIM]]/Table24[[#This Row],[PTS]] -> 0.75510204 | S5: =Table24[[#This Row],[PTS]]/Table24[[#This Row],[PIM]] -> 1.3243243 | T5: =Table24[[#This Row],[PTS]]/Table24[[#This Row],[GP]]*Table24[[#This Row],[NHL_EQUIVALENT]] -> 0.51578947 | U5: =Table24[[#This Row],[G]]/Table24[[#This Row],[PTS]] -> 0.37755102 | V5: =Table24[[#This Row],[A]]/Table24[[#This Row],[PTS]] -> 0.62244898 | W5: 0 | X5: 0 | Y5: CANADA | Z5: #VALUE! | AA5: Porter Martone (RW) | AB5: 39016 | AC5: 6'3" | AD5: 207 | AE5: R
A6: 2025 | C6: Anton Frondell | D6: 5 | E6: F | F6: Djurgardens IF | G6: HockeyAllsvenskan | H6: 0.41 | I6: 29 | J6: 11 | K6: 14 | L6: 25 | M6: 16 | N6: =Table24[[#This Row],[G]]/Table24[[#This Row],[GP]] -> 0.37931034 | O6: =Table24[[#This Row],[A]]/Table24[[#This Row],[GP]] -> 0.48275862 | P6: =Table24[[#This Row],[PTS]]/Table24[[#This Row],[GP]] -> 0.86206897 | Q6: =Table24[[#This Row],[PIM]]/Table24[[#This Row],[GP]] -> 0.55172414 | R6: =Table24[[#This Row],[PIM]]/Table24[[#This Row],[PTS]] -> 0.64 | S6: =Table24[[#This Row],[PTS]]/Table24[[#This Row],[PIM]] -> 1.5625 | T6: =Table24[[#This Row],[PTS]]/Table24[[#This Row],[GP]]*Table24[[#This Row],[NHL_EQUIVALENT]] -> 0.35344828 | U6: =Table24[[#This Row],[G]]/Table24[[#This Row],[PTS]] -> 0.44 | V6: =Table24[[#This Row],[A]]/Table24[[#This Row],[PTS]] -> 0.56 | W6: 0 | X6: 0 | Y6: SWEDEN | Z6: #VALUE! | AA6: Anton Frondell (C) | AB6: 39209 | AC6: 6'0" | AD6: 196 | AE6: L
A7: 2025 | C7: Roger McQueen | D7: 6 | E7: F | F7: Brandon Wheat Kings | G7: WHL | H7: 0.29 | I7: 17 | J7: 10 | K7: 10 | L7: 20 | M7: 40 | N7: =Table24[[#This Row],[G]]/Table24[[#This Row],[GP]] -> 0.58823529 | O7: =Table24[[#This Row],[A]]/Table24[[#This Row],[GP]] -> 0.58823529 | P7: =Table24[[#This Row],[PTS]]/Table24[[#This Row],[GP]] -> 1.1764706 | Q7: =Table24[[#This Row],[PIM]]/Table24[[#This Row],[GP]] -> 2.3529412 | R7: =Table24[[#This Row],[PIM]]/Table24[[#This Row],[PTS]] -> 2 | S7: =Table24[[#This Row],[PTS]]/Table24[[#This Row],[PIM]] -> 0.5 | T7: =Table24[[#This Row],[PTS]]/Table24[[#This Row],[GP]]*Table24[[#This Row],[NHL_EQUIVALENT]] -> 0.34117647 | U7: =Table24[[#This Row],[G]]/Table24[[#This Row],[PTS]] -> 0.5 | V7: =Table24[[#This Row],[A]]/Table24[[#This Row],[PTS]] -> 0.5 | W7: 0 | X7: 0 | Y7: CANADA | Z7: #VALUE! | AA7: Roger McQueen (F) | AB7: 38992 | AC7: 6'5" | AD7: 192 | AE7: R
A8: 2025 | C8: Victor Eklund | D8: 7 | E8: F | F8: Djurgardens IF | G8: HockeyAllsvenskan | H8: 0.41 | I8: 42 | J8: 19 | K8: 12 | L8: 31 | M8: 37 | N8: =Table24[[#This Row],[G]]/Table24[[#This Row],[GP]] -> 0.45238095 | O8: =Table24[[#This Row],[A]]/Table24[[#This Row],[GP]] -> 0.28571429 | P8: =Table24[[#This Row],[PTS]]/Table24[[#This Row],[GP]] -> 0.73809524 | Q8: =Table24[[#This Row],[PIM]]/Table24[[#This Row],[GP]] -> 0.88095238 | R8: =Table24[[#This Row],[PIM]]/Table24[[#This Row],[PTS]] -> 1.1935484 | S8: =Table24[[#This Row],[PTS]]/Table24[[#This Row],[PIM]] -> 0.83783784 | T8: =Table24[[#This Row],[PTS]]/Table24[[#This Row],[GP]]*Table24[[#This Row],[NHL_EQUIVALENT]] -> 0.30261905 | U8: =Table24[[#This Row],[G]]/Table24[[#This Row],[PTS]] -> 0.61290323 | V8: =Table24[[#This Row],[A]]/Table24[[#This Row],[PTS]] -> 0.38709677 | W8: 0 | X8: 0 | Y8: SWEDEN | Z8: #VALUE! | AA8: Victor Eklund (LW) | AB8: 38993 | AC8: 5'11" | AD8: 161 | AE8: R
A9: 2025 | C9: Caleb Desnoyers | D9: 8 | E9: F | F9: Moncton Wildcats | G9: QMJHL | H9: 0.27 | I9: 56 | J9: 35 | K9: 49 | L9: 84 | M9: 39 | N9: =Table24[[#This Row],[G]]/Table24[[#This Row],[GP]] -> 0.625 | O9: =Table24[[#This Row],[A]]/Table24[[#This Row],[GP]] -> 0.875 | P9: =Table24[[#This Row],[PTS]]/Table24[[#This Row],[GP]] -> 1.5 | Q9: =Table24[[#This Row],[PIM]]/Table24[[#This Row],[GP]] -> 0.69642857 | R9: =Table24[[#This Row],[PIM]]/Table24[[#This Row],[PTS]] -> 0.46428571 | S9: =Table24[[#This Row],[PTS]]/Table24[[#This Row],[PIM]] -> 2.1538462 | T9: =Table24[[#This Row],[PTS]]/Table24[[#This Row],[GP]]*Table24[[#This Row],[NHL_EQUIVALENT]] -> 0.405 | U9: =Table24[[#This Row],[G]]/Table24[[#This Row],[PTS]] -> 0.41666667 | V9: =Table24[[#This Row],[A]]/Table24[[#This Row],[PTS]] -> 0.58333333 | W9: 0 | X9: 0 | Y9: CANADA | Z9: #VALUE! | AA9: Caleb Desnoyers (C) | AB9: 39183 | AC9: 6'2" | AD9: 172 | AE9: L
A10: 2025 | C10: Jackson Smith | D10: 9 | E10: D | F10: Tri-City Americans | G10: WHL | H10: 0.29 | I10: 68 | J10: 11 | K10: 43 | L10: 54 | M10: 48 | N10: =Table24[[#This Row],[G]]/Table24[[#This Row],[GP]] -> 0.16176471 | O10: =Table24[[#This Row],[A]]/Table24[[#This Row],[GP]] -> 0.63235294 | P10: =Table24[[#This Row],[PTS]]/Table24[[#This Row],[GP]] -> 0.79411765 | Q10: =Table24[[#This Row],[PIM]]/Table24[[#This Row],[GP]] -> 0.70588235 | R10: =Table24[[#This Row],[PIM]]/Table24[[#This Row],[PTS]] -> 0.88888889 | S10: =Table24[[#This Row],[PTS]]/Table24[[#This Row],[PIM]] -> 1.125 | T10: =Table24[[#This Row],[PTS]]/Table24[[#This Row],[GP]]*Table24[[#This Row],[NHL_EQUIVALENT]] -> 0.23029412 | U10: =Table24[[#This Row],[G]]/Table24[[#This Row],[PTS]] -> 0.2037037 | V10: =Table24[[#This Row],[A]]/Table24[[#This Row],[PTS]] -> 0.7962963 | W10: 0 | X10: 0 | Y10: CANADA | Z10: #VALUE! | AA10: Jackson Smith (D) | AB10: 39215 | AC10: 6'3" | AD10: 190 | AE10: L
A11: 2025 | C11: Jake O'Brien | D11: 10 | E11: F | F11: Brantford Bulldogs | G11: OHL | H11: 0.3 | I11: 66 | J11: 32 | K11: 66 | L11: 98 | M11: 18 | N11: =Table24[[#This Row],[G]]/Table24[[#This Row],[GP]] -> 0.48484848 | O11: =Table24[[#This Row],[A]]/Table24[[#This Row],[GP]] -> 1 | P11: =Table24[[#This Row],[PTS]]/Table24[[#This Row],[GP]] -> 1.4848485 | Q11: =Table24[[#This Row],[PIM]]/Table24[[#This Row],[GP]] -> 0.27272727 | R11: =Table24[[#This Row],[PIM]]/Table24[[#This Row],[PTS]] -> 0.18367347 | S11: =Table24[[#This Row],[PTS]]/Table24[[#This Row],[PIM]] -> 5.4444444 | T11: =Table24[[#This Row],[PTS]]/Table24[[#This Row],[GP]]*Table24[[#This Row],[NHL_EQUIVALENT]] -> 0.44545455 | U11: =Table24[[#This Row],[G]]/Table24[[#This Row],[PTS]] -> 0.32653061 | V11: =Table24[[#This Row],[A]]/Table24[[#This Row],[PTS]] -> 0.67346939 | W11: 0 | X11: 0 | Y11: CANADA | Z11: #VALUE! | AA11: Jake O'Brien (C) | AB11: 39249 | AC11: 6'2" | AD11: 170 | AE11: R
A12: 2025 | C12: Radim Mrtka | D12: 11 | E12: D | F12: Seattle Thunderbirds | G12: WHL | H12: 0.29 | I12: 43 | J12: 3 | K12: 32 | L12: 35 | M12: 46 | N12: =Table24[[#This Row],[G]]/Table24[[#This Row],[GP]] -> 0.069767442 | O12: =Table24[[#This Row],[A]]/Table24[[#This Row],[GP]] -> 0.74418605 | P12: =Table24[[#This Row],[PTS]]/Table24[[#This Row],[GP]] -> 0.81395349 | Q12: =Table24[[#This Row],[PIM]]/Table24[[#This Row],[GP]] -> 1.0697674 | R12: =Table24[[#This Row],[PIM]]/Table24[[#This Row],[PTS]] -> 1.3142857 | S12: =Table24[[#This Row],[PTS]]/Table24[[#This Row],[PIM]] -> 0.76086957 | T12: =Table24[[#This Row],[PTS]]/Table24[[#This Row],[GP]]*Table24[[#This Row],[NHL_EQUIVALENT]] -> 0.23604651 | U12: =Table24[[#This Row],[G]]/Table24[[#This Row],[PTS]] -> 0.085714286 | V12: =Table24[[#This Row],[A]]/Table24[[#This Row],[PTS]] -> 0.91428571 | W12: 0 | X12: 0 | Y12: CZECHIA | Z12: #VALUE! | AA12: Radim Mrtka (D) | AB12: 39242 | AC12: 6'6" | AD12: 216 | AE12: R
A13: 2025 | C13: Carter Bear | D13: 12 | E13: F | F13: Everett Silvertips | G13: WHL | H13: 0.29 | I13: 56 | J13: 40 | K13: 42 | L13: 82 | M13: 77 | N13: =Table24[[#This Row],[G]]/Table24[[#This Row],[GP]] -> 0.71428571 | O13: =Table24[[#This Row],[A]]/Table24[[#This Row],[GP]] -> 0.75 | P13: =Table24[[#This Row],[PTS]]/Table24[[#This Row],[GP]] -> 1.4642857 | Q13: =Table24[[#This Row],[PIM]]/Table24[[#This Row],[GP]] -> 1.375 | R13: =Table24[[#This Row],[PIM]]/Table24[[#This Row],[PTS]] -> 0.93902439 | S13: =Table24[[#This Row],[PTS]]/Table24[[#This Row],[PIM]] -> 1.0649351 | T13: =Table24[[#This Row],[PTS]]/Table24[[#This Row],[GP]]*Table24[[#This Row],[NHL_EQUIVALENT]] -> 0.42464286 | U13: =Table24[[#This Row],[G]]/Table24[[#This Row],[PTS]] -> 0.48780488 | V13: =Table24[[#This Row],[A]]/Table24[[#This Row],[PTS]] -> 0.51219512 | W13: 0 | X13: 0 | Y13: CANADA | Z13: #VALUE! | AA13: Carter Bear (C/LW) | AB13: 39025 | AC13: 6'0" | AD13: 176 | AE13: L
... A32: 2025 | C32: Jack Murtagh | D32: 31 | E32: F | F32: U.S. National U18 Team | G32: NTDP | H32: 0.28 | I32: 56 | J32: 22 | K32: 31 | L32: 53 | M32: 36 | N32: =Table24[[#This Row],[G]]/Table24[[#This Row],[GP]] -> 0.39285714 | O32: =Table24[[#This Row],[A]]/Table24[[#This Row],[GP]] -> 0.55357143 | P32: =Table24[[#This Row],[PTS]]/Table24[[#This Row],[GP]] -> 0.94642857 | Q32: =Table24[[#This Row],[PIM]]/Table24[[#This Row],[GP]] -> 0.64285714 | R32: =Table24[[#This Row],[PIM]]/Table24[[#This Row],[PTS]] -> 0.67924528 | S32: =Table24[[#This Row],[PTS]]/Table24[[#This Row],[PIM]] -> 1.4722222 | T32: =Table24[[#This Row],[PTS]]/Table24[[#This Row],[GP]]*Table24[[#This Row],[NHL_EQUIVALENT]] -> 0.265 | U32: =Table24[[#This Row],[G]]/Table24[[#This Row],[PTS]] -> 0.41509434 | V32: =Table24[[#This Row],[A]]/Table24[[#This Row],[PTS]] -> 0.58490566 | W32: 0 | X32: 0 | Y32: USA | Z32: #VALUE! | AA32: Jack Murtagh (C/LW) | AB32: 39316 | AC32: 6'1" | AD32: 198 | AE32: L
A33: 2025 | C33: Joshua Ravensbergen | D33: 32 | E33: G | F33: Prince George Cougars | G33: WHL | H33: 0.29 | I33: 51 | J33: 0 | K33: 0 | L33: 0 | M33: 0 | N33: =Table24[[#This Row],[G]]/Table24[[#This Row],[GP]] -> 0 | O33: =Table24[[#This Row],[A]]/Table24[[#This Row],[GP]] -> 0 | P33: =Table24[[#This Row],[PTS]]/Table24[[#This Row],[GP]] -> 0 | Q33: =Table24[[#This Row],[PIM]]/Table24[[#This Row],[GP]] -> 0 | R33: 0 | S33: 0 | T33: =Table24[[#This Row],[PTS]]/Table24[[#This Row],[GP]]*Table24[[#This Row],[NHL_EQUIVALENT]] -> 0 | U33: 0 | V33: 0 | W33: 3 | X33: 0.901 | Y33: CANADA | Z33: #VALUE! | AA33: Joshua Ravensbergen (G) | AB33: 39048 | AC33: 6'5" | AD33: 192 | AE33: R
A34: 2025 | C34: Jack Nesbitt | D34: 33 | E34: F | F34: Windsor Spitfires | G34: OHL | H34: 0.3 | I34: 65 | J34: 25 | K34: 39 | L34: 64 | M34: 74 | N34: =Table24[[#This Row],[G]]/Table24[[#This Row],[GP]] -> 0.38461538 | O34: =Table24[[#This Row],[A]]/Table24[[#This Row],[GP]] -> 0.6 | P34: =Table24[[#This Row],[PTS]]/Table24[[#This Row],[GP]] -> 0.98461538 | Q34: =Table24[[#This Row],[PIM]]/Table24[[#This Row],[GP]] -> 1.1384615 | R34: =Table24[[#This Row],[PIM]]/Table24[[#This Row],[PTS]] -> 1.15625 | S34: =Table24[[#This Row],[PTS]]/Table24[[#This Row],[PIM]] -> 0.86486486 | T34: =Table24[[#This Row],[PTS]]/Table24[[#This Row],[GP]]*Table24[[#This Row],[NHL_EQUIVALENT]] -> 0.29538462 | U34: =Table24[[#This Row],[G]]/Table24[[#This Row],[PTS]] -> 0.390625 | V34: =Table24[[#This Row],[A]]/Table24[[#This Row],[PTS]] -> 0.609375 | W34: 0 | X34: 0 | Y34: CANADA | Z34: #VALUE! | AA34: Jack Nesbitt (C) | AB34: 39094 | AC34: 6'4" | AD34: 183 | AE34: L
A35: 2025 | C35: Shane Vansaghi | D35: 34 | E35: F | F35: Michigan State Univ. | G35: NCAA | H35: 0.32 | I35: 37 | J35: 6 | K35: 10 | L35: 16 | M35: 30 | N35: =Table24[[#This Row],[G]]/Table24[[#This Row],[GP]] -> 0.16216216 | O35: =Table24[[#This Row],[A]]/Table24[[#This Row],[GP]] -> 0.27027027 | P35: =Table24[[#This Row],[PTS]]/Table24[[#This Row],[GP]] -> 0.43243243 | Q35: =Table24[[#This Row],[PIM]]/Table24[[#This Row],[GP]] -> 0.81081081 | R35: =Table24[[#This Row],[PIM]]/Table24[[#This Row],[PTS]] -> 1.875 | S35: =Table24[[#This Row],[PTS]]/Table24[[#This Row],[PIM]] -> 0.53333333 | T35: =Table24[[#This Row],[PTS]]/Table24[[#This Row],[GP]]*Table24[[#This Row],[NHL_EQUIVALENT]] -> 0.13837838 | U35: =Table24[[#This Row],[G]]/Table24[[#This Row],[PTS]] -> 0.375 | V35: =Table24[[#This Row],[A]]/Table24[[#This Row],[PTS]] -> 0.625 | W35: 0 | X35: 0 | Y35: USA | Z35: #VALUE! | AA35: Shane Vansaghi (RW) | AB35: 39001 | AC35: 6'2" | AD35: 216 | AE35: R
A36: 2025 | C36: Cole McKinney | D36: 35 | E36: F | F36: U.S. National U18 Team | G36: NTDP | H36: 0.28 | I36: 60 | J36: 27 | K36: 34 | L36: 61 | M36: 61 | N36: =Table24[[#This Row],[G]]/Table24[[#This Row],[GP]] -> 0.45 | O36: =Table24[[#This Row],[A]]/Table24[[#This Row],[GP]] -> 0.56666667 | P36: =Table24[[#This Row],[PTS]]/Table24[[#This Row],[GP]] -> 1.0166667 | Q36: =Table24[[#This Row],[PIM]]/Table24[[#This Row],[GP]] -> 1.0166667 | R36: =Table24[[#This Row],[PIM]]/Table24[[#This Row],[PTS]] -> 1 | S36: =Table24[[#This Row],[PTS]]/Table24[[#This Row],[PIM]] -> 1 | T36: =Table24[[#This Row],[PTS]]/Table24[[#This Row],[GP]]*Table24[[#This Row],[NHL_EQUIVALENT]] -> 0.28466667 | U36: =Table24[[#This Row],[G]]/Table24[[#This Row],[PTS]] -> 0.44262295 | V36: =Table24[[#This Row],[A]]/Table24[[#This Row],[PTS]] -> 0.55737705 | W36: 0 | X36: 0 | Y36: USA | Z36: #VALUE! | AA36: Cole McKinney (C) | AB36: 39157 | AC36: 6'0" | AD36: 198 | AE36: R
A37: 2025 | C37: Jakob Ihs-Wozniak | D37: 36 | E37: F | F37: Lulea HF J20 | G37: J20 Nationell | H37: 0.27 | I37: 40 | J37: 23 | K37: 34 | L37: 57 | M37: 18 | N37: =Table24[[#This Row],[G]]/Table24[[#This Row],[GP]] -> 0.575 | O37: =Table24[[#This Row],[A]]/Table24[[#This Row],[GP]] -> 0.85 | P37: =Table24[[#This Row],[PTS]]/Table24[[#This Row],[GP]] -> 1.425 | Q37: =Table24[[#This Row],[PIM]]/Table24[[#This Row],[GP]] -> 0.45 | R37: =Table24[[#This Row],[PIM]]/Table24[[#This Row],[PTS]] -> 0.31578947 | S37: =Table24[[#This Row],[PTS]]/Table24[[#This Row],[PIM]] -> 3.1666667 | T37: =Table24[[#This Row],[PTS]]/Table24[[#This Row],[GP]]*Table24[[#This Row],[NHL_EQUIVALENT]] -> 0.38475 | U37: =Table24[[#This Row],[G]]/Table24[[#This Row],[PTS]] -> 0.40350877 | V37: =Table24[[#This Row],[A]]/Table24[[#This Row],[PTS]] -> 0.59649123 | W37: 0 | X37: 0 | Y37: SWEDEN | Z37: #VALUE! | AA37: Jakob Ihs-Wozniak (RW) | AB37: 39114 | AC37: 6'3" | AD37: 185 | AE37: R
A38: 2025 | C38: Eric Nilson | D38: 37 | E38: F | F38: Djurgardens IF J20 | G38: J20 Nationell | H38: 0.27 | I38: 37 | J38: 12 | K38: 26 | L38: 38 | M38: 56 | N38: =Table24[[#This Row],[G]]/Table24[[#This Row],[GP]] -> 0.32432432 | O38: =Table24[[#This Row],[A]]/Table24[[#This Row],[GP]] -> 0.7027027 | P38: =Table24[[#This Row],[PTS]]/Table24[[#This Row],[GP]] -> 1.027027 | Q38: =Table24[[#This Row],[PIM]]/Table24[[#This Row],[GP]] -> 1.5135135 | R38: =Table24[[#This Row],[PIM]]/Table24[[#This Row],[PTS]] -> 1.4736842 | S38: =Table24[[#This Row],[PTS]]/Table24[[#This Row],[PIM]] -> 0.67857143 | T38: =Table24[[#This Row],[PTS]]/Table24[[#This Row],[GP]]*Table24[[#This Row],[NHL_EQUIVALENT]] -> 0.2772973 | U38: =Table24[[#This Row],[G]]/Table24[[#This Row],[PTS]] -> 0.31578947 | V38: =Table24[[#This Row],[A]]/Table24[[#This Row],[PTS]] -> 0.68421053 | W38: 0 | X38: 0 | Y38: SWEDEN | Z38: #VALUE! | AA38: Eric Nilson (C) | AB38: 39213 | AC38: 6'0" | AD38: 154 | AE38: R
A39: 2025 | C39: Ryker Lee | D39: 38 | E39: F | F39: Madison Capitols | G39: USHL | H39: 0.27 | I39: 58 | J39: 31 | K39: 37 | L39: 68 | M39: 18 | N39: =Table24[[#This Row],[G]]/Table24[[#This Row],[GP]] -> 0.53448276 | O39: =Table24[[#This Row],[A]]/Table24[[#This Row],[GP]] -> 0.63793103 | P39: =Table24[[#This Row],[PTS]]/Table24[[#This Row],[GP]] -> 1.1724138 | Q39: =Table24[[#This Row],[PIM]]/Table24[[#This Row],[GP]] -> 0.31034483 | R39: =Table24[[#This Row],[PIM]]/Table24[[#This Row],[PTS]] -> 0.26470588 | S39: =Table24[[#This Row],[PTS]]/Table24[[#This Row],[PIM]] -> 3.7777778 | T39: =Table24[[#This Row],[PTS]]/Table24[[#This Row],[GP]]*Table24[[#This Row],[NHL_EQUIVALENT]] -> 0.31655172 | U39: =Table24[[#This Row],[G]]/Table24[[#This Row],[PTS]] -> 0.45588235 | V39: =Table24[[#This Row],[A]]/Table24[[#This Row],[PTS]] -> 0.54411765 | W39: 0 | X39: 0 | Y39: USA | Z39: #VALUE! | AA39: Ryker Lee (F) | AB39: 39029 | AC39: 6'0" | AD39: 181 | AE39: R
A40: 2025 | C40: Benjamin Kevan | D40: 39 | E40: F | F40: Des Moines Buccaneers | G40: USHL | H40: 0.27 | I40: 51 | J40: 13 | K40: 30 | L40: 43 | M40: 43 | N40: =Table24[[#This Row],[G]]/Table24[[#This Row],[GP]] -> 0.25490196 | O40: =Table24[[#This Row],[A]]/Table24[[#This Row],[GP]] -> 0.58823529 | P40: =Table24[[#This Row],[PTS]]/Table24[[#This Row],[GP]] -> 0.84313725 | Q40: =Table24[[#This Row],[PIM]]/Table24[[#This Row],[GP]] -> 0.84313725 | R40: =Table24[[#This Row],[PIM]]/Table24[[#This Row],[PTS]] -> 1 | S40: =Table24[[#This Row],[PTS]]/Table24[[#This Row],[PIM]] -> 1 | T40: =Table24[[#This Row],[PTS]]/Table24[[#This Row],[GP]]*Table24[[#This Row],[NHL_EQUIVALENT]] -> 0.22764706 | U40: =Table24[[#This Row],[G]]/Table24[[#This Row],[PTS]] -> 0.30232558 | V40: =Table24[[#This Row],[A]]/Table24[[#This Row],[PTS]] -> 0.69767442 | W40: 0 | X40: 0 | Y40: USA | Z40: #VALUE! | AA40: Benjamin Kevan (F) | AB40: 39085 | AC40: 6'0" | AD40: 183 | AE40: R
A41: 2025 | C41: Adam Benak | D41: 40 | E41: F | F41: Youngstown Phantoms | G41: USHL | H41: 0.27 | I41: 56 | J41: 17 | K41: 42 | L41: 59 | M41: 36 | N41: =Table24[[#This Row],[G]]/Table24[[#This Row],[GP]] -> 0.30357143 | O41: =Table24[[#This Row],[A]]/Table24[[#This Row],[GP]] -> 0.75 | P41: =Table24[[#This Row],[PTS]]/Table24[[#This Row],[GP]] -> 1.0535714 | Q41: =Table24[[#This Row],[PIM]]/Table24[[#This Row],[GP]] -> 0.64285714 | R41: =Table24[[#This Row],[PIM]]/Table24[[#This Row],[PTS]] -> 0.61016949 | S41: =Table24[[#This Row],[PTS]]/Table24[[#This Row],[PIM]] -> 1.6388889 | T41: =Table24[[#This Row],[PTS]]/Table24[[#This Row],[GP]]*Table24[[#This Row],[NHL_EQUIVALENT]] -> 0.28446429 | U41: =Table24[[#This Row],[G]]/Table24[[#This Row],[PTS]] -> 0.28813559 | V41: =Table24[[#This Row],[A]]/Table24[[#This Row],[PTS]] -> 0.71186441 | W41: 0 | X41: 0 | Y41: CZECHIA | Z41: #VALUE! | AA41: Adam Benák (C) | AB41: 39182 | AC41: 5'7" | AD41: 161 | AE41: L
A42: 2025 | C42: Kurban Limatov | D42: 41 | E42: D | F42: MHK Dynamo Moskva | G42: MHL | H42: 0.2 | I42: 46 | J42: 8 | K42: 15 | L42: 23 | M42: 44 | N42: =Table24[[#This Row],[G]]/Table24[[#This Row],[GP]] -> 0.17391304 | O42: =Table24[[#This Row],[A]]/Table24[[#This Row],[GP]] -> 0.32608696 | P42: =Table24[[#This Row],[PTS]]/Table24[[#This Row],[GP]] -> 0.5 | Q42: =Table24[[#This Row],[PIM]]/Table24[[#This Row],[GP]] -> 0.95652174 | R42: =Table24[[#This Row],[PIM]]/Table24[[#This Row],[PTS]] -> 1.9130435 | S42: =Table24[[#This Row],[PTS]]/Table24[[#This Row],[PIM]] -> 0.52272727 | T42: =Table24[[#This Row],[PTS]]/Table24[[#This Row],[GP]]*Table24[[#This Row],[NHL_EQUIVALENT]] -> 0.1 | U42: =Table24[[#This Row],[G]]/Table24[[#This Row],[PTS]] -> 0.34782609 | V42: =Table24[[#This Row],[A]]/Table24[[#This Row],[PTS]] -> 0.65217391 | W42: 0 | X42: 0 | Y42: RUSSIA | Z42: #VALUE! | AA42: Kurban Limatov (D) | AB42: 39161 | AC42: 6'3" | AD42: 198 | AE42: L
A43: 2025 | C43: Nathan Behm | D43: 42 | E43: F | F43: Kamloops Blazers | G43: WHL | H43: 0.29 | I43: 59 | J43: 31 | K43: 35 | L43: 66 | M43: 12 | N43: =Table24[[#This Row],[G]]/Table24[[#This Row],[GP]] -> 0.52542373 | O43: =Table24[[#This Row],[A]]/Table24[[#This Row],[GP]] -> 0.59322034 | P43: =Table24[[#This Row],[PTS]]/Table24[[#This Row],[GP]] -> 1.1186441 | Q43: =Table24[[#This Row],[PIM]]/Table24[[#This Row],[GP]] -> 0.20338983 | R43: =Table24[[#This Row],[PIM]]/Table24[[#This Row],[PTS]] -> 0.18181818 | S43: =Table24[[#This Row],[PTS]]/Table24[[#This Row],[PIM]] -> 5.5 | T43: =Table24[[#This Row],[PTS]]/Table24[[#This Row],[GP]]*Table24[[#This Row],[NHL_EQUIVALENT]] -> 0.32440678 | U43: =Table24[[#This Row],[G]]/Table24[[#This Row],[PTS]] -> 0.46969697 | V43: =Table24[[#This Row],[A]]/Table24[[#This Row],[PTS]] -> 0.53030303 | W43: 0 | X43: 0 | Y43: CANADA | Z43: #VALUE! | AA43: Nathan Behm (LW/RW) | AB43: 39190 | AC43: 6'2" | AD43: 198 | AE43: R
A44: 2025 | C44: William Horcoff | D44: 43 | E44: F | F44: U.S. National U18 Team | G44: NTDP | H44: 0.28 | I44: 28 | J44: 8 | K44: 6 | L44: 14 | M44: 34 | N44: =Table24[[#This Row],[G]]/Table24[[#This Row],[GP]] -> 0.28571429 | O44: =Table24[[#This Row],[A]]/Table24[[#This Row],[GP]] -> 0.21428571 | P44: =Table24[[#This Row],[PTS]]/Table24[[#This Row],[GP]] -> 0.5 | Q44: =Table24[[#This Row],[PIM]]/Table24[[#This Row],[GP]] -> 1.2142857 | R44: =Table24[[#This Row],[PIM]]/Table24[[#This Row],[PTS]] -> 2.4285714 | S44: =Table24[[#This Row],[PTS]]/Table24[[#This Row],[PIM]] -> 0.41176471 | T44: =Table24[[#This Row],[PTS]]/Table24[[#This Row],[GP]]*Table24[[#This Row],[NHL_EQUIVALENT]] -> 0.14 | U44: =Table24[[#This Row],[G]]/Table24[[#This Row],[PTS]] -> 0.57142857 | V44: =Table24[[#This Row],[A]]/Table24[[#This Row],[PTS]] -> 0.42857143 | W44: 0 | X44: 0 | Y44: USA | Z44: #VALUE! | AA44: William Horcoff (C) | AB44: 39105 | AC44: 6'4" | AD44: 181 | AE44: L
A45: 2025 | C45: Henry Brzustewicz | D45: 44 | E45: D | F45: London Knights | G45: OHL | H45: 0.3 | I45: 67 | J45: 10 | K45: 32 | L45: 42 | M45: 77 | N45: =Table24[[#This Row],[G]]/Table24[[#This Row],[GP]] -> 0.14925373 | O45: =Table24[[#This Row],[A]]/Table24[[#This Row],[GP]] -> 0.47761194 | P45: =Table24[[#This Row],[PTS]]/Table24[[#This Row],[GP]] -> 0.62686567 | Q45: =Table24[[#This Row],[PIM]]/Table24[[#This Row],[GP]] -> 1.1492537 | R45: =Table24[[#This Row],[PIM]]/Table24[[#This Row],[PTS]] -> 1.8333333 | S45: =Table24[[#This Row],[PTS]]/Table24[[#This Row],[PIM]] -> 0.54545455 | T45: =Table24[[#This Row],[PTS]]/Table24[[#This Row],[GP]]*Table24[[#This Row],[NHL_EQUIVALENT]] -> 0.1880597 | U45: =Table24[[#This Row],[G]]/Table24[[#This Row],[PTS]] -> 0.23809524 | V45: =Table24[[#This Row],[A]]/Table24[[#This Row],[PTS]] -> 0.76190476 | W45: 0 | X45: 0 | Y45: USA | Z45: #VALUE! | AA45: Henry Brzustewicz (D) | AB45: 39122 | AC45: 6'1" | AD45: 194 | AE45: R
... A50: 2025 | C50: Conrad Fondrk | D50: 49 | E50: F | F50: U.S. National U18 Team | G50: NTDP | H50: 0.28 | I50: 40 | J50: 13 | K50: 14 | L50: 27 | M50: 6 | N50: =Table24[[#This Row],[G]]/Table24[[#This Row],[GP]] -> 0.325 | O50: =Table24[[#This Row],[A]]/Table24[[#This Row],[GP]] -> 0.35 | P50: =Table24[[#This Row],[PTS]]/Table24[[#This Row],[GP]] -> 0.675 | Q50: =Table24[[#This Row],[PIM]]/Table24[[#This Row],[GP]] -> 0.15 | R50: =Table24[[#This Row],[PIM]]/Table24[[#This Row],[PTS]] -> 0.22222222 | S50: =Table24[[#This Row],[PTS]]/Table24[[#This Row],[PIM]] -> 4.5 | T50: =Table24[[#This Row],[PTS]]/Table24[[#This Row],[GP]]*Table24[[#This Row],[NHL_EQUIVALENT]] -> 0.189 | U50: =Table24[[#This Row],[G]]/Table24[[#This Row],[PTS]] -> 0.48148148 | V50: =Table24[[#This Row],[A]]/Table24[[#This Row],[PTS]] -> 0.51851852 | W50: 0 | X50: 0 | Y50: USA | Z50: #VALUE! | AA50: Conrad Fondrk (C) | AB50: 39234 | AC50: 6'0" | AD50: 192 | AE50: L
A51: 2025 | C51: Jack Ivankovic | D51: 50 | E51: G | F51: Brampton Steelheads | G51: OHL | H51: 0.3 | I51: 43 | J51: 0 | K51: 0 | L51: 0 | M51: 0 | N51: =Table24[[#This Row],[G]]/Table24[[#This Row],[GP]] -> 0 | O51: =Table24[[#This Row],[A]]/Table24[[#This Row],[GP]] -> 0 | P51: =Table24[[#This Row],[PTS]]/Table24[[#This Row],[GP]] -> 0 | Q51: =Table24[[#This Row],[PIM]]/Table24[[#This Row],[GP]] -> 0 | R51: 0 | S51: 0 | T51: =Table24[[#This Row],[PTS]]/Table24[[#This Row],[GP]]*Table24[[#This Row],[NHL_EQUIVALENT]] -> 0 | U51: 0 | V51: 0 | W51: 3.05 | X51: 0.903 | Y51: CANADA | Z51: #VALUE! | AA51: Jack Ivankovic (G) | AB51: 39224 | AC51: 6'0" | AD51: 179 | AE51: L
A52: 2025 | C52: Haoxi Wang | D52: 51 | E52: D | F52: Oshawa Generals | G52: OHL | H52: 0.3 | I52: 32 | J52: 0 | K52: 2 | L52: 2 | M52: 19 | N52: =Table24[[#This Row],[G]]/Table24[[#This Row],[GP]] -> 0 | O52: =Table24[[#This Row],[A]]/Table24[[#This Row],[GP]] -> 0.0625 | P52: =Table24[[#This Row],[PTS]]/Table24[[#This Row],[GP]] -> 0.0625 | Q52: =Table24[[#This Row],[PIM]]/Table24[[#This Row],[GP]] -> 0.59375 | R52: =Table24[[#This Row],[PIM]]/Table24[[#This Row],[PTS]] -> 9.5 | S52: =Table24[[#This Row],[PTS]]/Table24[[#This Row],[PIM]] -> 0.10526316 | T52: =Table24[[#This Row],[PTS]]/Table24[[#This Row],[GP]]*Table24[[#This Row],[NHL_EQUIVALENT]] -> 0.01875 | U52: =Table24[[#This Row],[G]]/Table24[[#This Row],[PTS]] -> 0 | V52: =Table24[[#This Row],[A]]/Table24[[#This Row],[PTS]] -> 1 | W52: 0 | X52: 0 | Y52: CHINA | Z52: #VALUE! | AA52: Haoxi Wang (D) | AB52: 39290 | AC52: 6'6" | AD52: 209 | AE52: L
A53: 2025 | C53: Luca Romano | D53: 52 | E53: F | F53: Kitchener Rangers | G53: OHL | H53: 0.3 | I53: 67 | J53: 25 | K53: 26 | L53: 51 | M53: 22 | N53: =Table24[[#This Row],[G]]/Table24[[#This Row],[GP]] -> 0.37313433 | O53: =Table24[[#This Row],[A]]/Table24[[#This Row],[GP]] -> 0.3880597 | P53: =Table24[[#This Row],[PTS]]/Table24[[#This Row],[GP]] -> 0.76119403 | Q53: =Table24[[#This Row],[PIM]]/Table24[[#This Row],[GP]] -> 0.32835821 | R53: =Table24[[#This Row],[PIM]]/Table24[[#This Row],[PTS]] -> 0.43137255 | S53: =Table24[[#This Row],[PTS]]/Table24[[#This Row],[PIM]] -> 2.3181818 | T53: =Table24[[#This Row],[PTS]]/Table24[[#This Row],[GP]]*Table24[[#This Row],[NHL_EQUIVALENT]] -> 0.22835821 | U53: =Table24[[#This Row],[G]]/Table24[[#This Row],[PTS]] -> 0.49019608 | V53: =Table24[[#This Row],[A]]/Table24[[#This Row],[PTS]] -> 0.50980392 | W53: 0 | X53: 0 | Y53: CANADA | Z53: #VALUE! | AA53: Luca Romano (C) | AB53: 39258 | AC53: 5'11" | AD53: 168 | AE53: R
A54: 2025 | C54: Vaclav Nestrasil | D54: 53 | E54: F | F54: Muskegon Lumberjacks | G54: USHL | H54: 0.27 | I54: 61 | J54: 19 | K54: 23 | L54: 42 | M54: 51 | N54: =Table24[[#This Row],[G]]/Table24[[#This Row],[GP]] -> 0.31147541 | O54: =Table24[[#This Row],[A]]/Table24[[#This Row],[GP]] -> 0.37704918 | P54: =Table24[[#This Row],[PTS]]/Table24[[#This Row],[GP]] -> 0.68852459 | Q54: =Table24[[#This Row],[PIM]]/Table24[[#This Row],[GP]] -> 0.83606557 | R54: =Table24[[#This Row],[PIM]]/Table24[[#This Row],[PTS]] -> 1.2142857 | S54: =Table24[[#This Row],[PTS]]/Table24[[#This Row],[PIM]] -> 0.82352941 | T54: =Table24[[#This Row],[PTS]]/Table24[[#This Row],[GP]]*Table24[[#This Row],[NHL_EQUIVALENT]] -> 0.18590164 | U54: =Table24[[#This Row],[G]]/Table24[[#This Row],[PTS]] -> 0.45238095 | V54: =Table24[[#This Row],[A]]/Table24[[#This Row],[PTS]] -> 0.54761905 | W54: 0 | X54: 0 | Y54: CZECHIA | Z54: #VALUE! | AA54: Vaclav Nestrasil (RW) | AB54: 39178 | AC54: 6'5" | AD54: 190 | AE54: R
A55: 2025 | C55: Ethan Czata | D55: 54 | E55: F | F55: Niagara IceDogs | G55: OHL | H55: 0.3 | I55: 68 | J55: 21 | K55: 34 | L55: 55 | M55: 72 | N55: =Table24[[#This Row],[G]]/Table24[[#This Row],[GP]] -> 0.30882353 | O55: =Table24[[#This Row],[A]]/Table24[[#This Row],[GP]] -> 0.5 | P55: =Table24[[#This Row],[PTS]]/Table24[[#This Row],[GP]] -> 0.80882353 | Q55: =Table24[[#This Row],[PIM]]/Table24[[#This Row],[GP]] -> 1.0588235 | R55: =Table24[[#This Row],[PIM]]/Table24[[#This Row],[PTS]] -> 1.3090909 | S55: =Table24[[#This Row],[PTS]]/Table24[[#This Row],[PIM]] -> 0.76388889 | T55: =Table24[[#This Row],[PTS]]/Table24[[#This Row],[GP]]*Table24[[#This Row],[NHL_EQUIVALENT]] -> 0.24264706 | U55: =Table24[[#This Row],[G]]/Table24[[#This Row],[PTS]] -> 0.38181818 | V55: =Table24[[#This Row],[A]]/Table24[[#This Row],[PTS]] -> 0.61818182 | W55: 0 | X55: 0 | Y55: CANADA | Z55: #VALUE! | AA55: Ethan Czata (C) | AB55: 39231 | AC55: 6'1" | AD55: 174 | AE55: L
A56: 2025 | C56: Viktor Klingsell | D56: 55 | E56: F | F56: SkellefteÃ¥ AIK J20 | G56: J20 Nationell | H56: 0.27 | I56: 43 | J56: 17 | K56: 22 | L56: 39 | M56: 6 | N56: =Table24[[#This Row],[G]]/Table24[[#This Row],[GP]] -> 0.39534884 | O56: =Table24[[#This Row],[A]]/Table24[[#This Row],[GP]] -> 0.51162791 | P56: =Table24[[#This Row],[PTS]]/Table24[[#This Row],[GP]] -> 0.90697674 | Q56: =Table24[[#This Row],[PIM]]/Table24[[#This Row],[GP]] -> 0.13953488 | R56: =Table24[[#This Row],[PIM]]/Table24[[#This Row],[PTS]] -> 0.15384615 | S56: =Table24[[#This Row],[PTS]]/Table24[[#This Row],[PIM]] -> 6.5 | T56: =Table24[[#This Row],[PTS]]/Table24[[#This Row],[GP]]*Table24[[#This Row],[NHL_EQUIVALENT]] -> 0.24488372 | U56: =Table24[[#This Row],[G]]/Table24[[#This Row],[PTS]] -> 0.43589744 | V56: =Table24[[#This Row],[A]]/Table24[[#This Row],[PTS]] -> 0.56410256 | W56: 0 | X56: 0 | Y56: SWEDEN | Z56: #VALUE! | AA56: Viktor Klingsell (LW) | AB56: 39123 | AC56: 5'10" | AD56: 183 | AE56: L
A57: 2025 | C57: Luka Radivojevic | D57: 56 | E57: D | F57: Muskegon Lumberjacks | G57: USHL | H57: 0.27 | I57: 38 | J57: 3 | K57: 19 | L57: 22 | M57: 39 | N57: =Table24[[#This Row],[G]]/Table24[[#This Row],[GP]] -> 0.078947368 | O57: =Table24[[#This Row],[A]]/Table24[[#This Row],[GP]] -> 0.5 | P57: =Table24[[#This Row],[PTS]]/Table24[[#This Row],[GP]] -> 0.57894737 | Q57: =Table24[[#This Row],[PIM]]/Table24[[#This Row],[GP]] -> 1.0263158 | R57: =Table24[[#This Row],[PIM]]/Table24[[#This Row],[PTS]] -> 1.7727273 | S57: =Table24[[#This Row],[PTS]]/Table24[[#This Row],[PIM]] -> 0.56410256 | T57: =Table24[[#This Row],[PTS]]/Table24[[#This Row],[GP]]*Table24[[#This Row],[NHL_EQUIVALENT]] -> 0.15631579 | U57: =Table24[[#This Row],[G]]/Table24[[#This Row],[PTS]] -> 0.13636364 | V57: =Table24[[#This Row],[A]]/Table24[[#This Row],[PTS]] -> 0.86363636 | W57: 0 | X57: 0 | Y57: SLOVAKIA | Z57: #VALUE! | AA57: Luka Radivojevic (D) | AB57: 39085 | AC57: 5'10" | AD57: 168 | AE57: R
A58: 2025 | C58: Matthew Gard | D58: 57 | E58: F | F58: Red Deer Rebels | G58: WHL | H58: 0.29 | I58: 66 | J58: 19 | K58: 17 | L58: 36 | M58: 81 | N58: =Table24[[#This Row],[G]]/Table24[[#This Row],[GP]] -> 0.28787879 | O58: =Table24[[#This Row],[A]]/Table24[[#This Row],[GP]] -> 0.25757576 | P58: =Table24[[#This Row],[PTS]]/Table24[[#This Row],[GP]] -> 0.54545455 | Q58: =Table24[[#This Row],[PIM]]/Table24[[#This Row],[GP]] -> 1.2272727 | R58: =Table24[[#This Row],[PIM]]/Table24[[#This Row],[PTS]] -> 2.25 | S58: =Table24[[#This Row],[PTS]]/Table24[[#This Row],[PIM]] -> 0.44444444 | T58: =Table24[[#This Row],[PTS]]/Table24[[#This Row],[GP]]*Table24[[#This Row],[NHL_EQUIVALENT]] -> 0.15818182 | U58: =Table24[[#This Row],[G]]/Table24[[#This Row],[PTS]] -> 0.52777778 | V58: =Table24[[#This Row],[A]]/Table24[[#This Row],[PTS]] -> 0.47222222 | W58: 0 | X58: 0 | Y58: CANADA | Z58: #VALUE! | AA58: Matthew Gard (F) | AB58: 39179 | AC58: 6'4" | AD58: 192 | AE58: L
A59: 2025 | C59: Kristian Epperson | D59: 58 | E59: F | F59: Saginaw Spirit | G59: OHL | H59: 0.3 | I59: 58 | J59: 27 | K59: 53 | L59: 80 | M59: 87 | N59: =Table24[[#This Row],[G]]/Table24[[#This Row],[GP]] -> 0.46551724 | O59: =Table24[[#This Row],[A]]/Table24[[#This Row],[GP]] -> 0.9137931 | P59: =Table24[[#This Row],[PTS]]/Table24[[#This Row],[GP]] -> 1.3793103 | Q59: =Table24[[#This Row],[PIM]]/Table24[[#This Row],[GP]] -> 1.5 | R59: =Table24[[#This Row],[PIM]]/Table24[[#This Row],[PTS]] -> 1.0875 | S59: =Table24[[#This Row],[PTS]]/Table24[[#This Row],[PIM]] -> 0.91954023 | T59: =Table24[[#This Row],[PTS]]/Table24[[#This Row],[GP]]*Table24[[#This Row],[NHL_EQUIVALENT]] -> 0.4137931 | U59: =Table24[[#This Row],[G]]/Table24[[#This Row],[PTS]] -> 0.3375 | V59: =Table24[[#This Row],[A]]/Table24[[#This Row],[PTS]] -> 0.6625 | W59: 0 | X59: 0 | Y59: USA | Z59: #VALUE! | AA59: Kristian Epperson (LW) | AB59: 38853 | AC59: 6'0" | AD59: 185 | AE59: L
A60: 2025 | C60: Arvid Drott | D60: 59 | E60: F | F60: Djurgardens IF J20 | G60: J20 Nationell | H60: 0.27 | I60: 40 | J60: 18 | K60: 18 | L60: 36 | M60: 14 | N60: =Table24[[#This Row],[G]]/Table24[[#This Row],[GP]] -> 0.45 | O60: =Table24[[#This Row],[A]]/Table24[[#This Row],[GP]] -> 0.45 | P60: =Table24[[#This Row],[PTS]]/Table24[[#This Row],[GP]] -> 0.9 | Q60: =Table24[[#This Row],[PIM]]/Table24[[#This Row],[GP]] -> 0.35 | R60: =Table24[[#This Row],[PIM]]/Table24[[#This Row],[PTS]] -> 0.38888889 | S60: =Table24[[#This Row],[PTS]]/Table24[[#This Row],[PIM]] -> 2.5714286 | T60: =Table24[[#This Row],[PTS]]/Table24[[#This Row],[GP]]*Table24[[#This Row],[NHL_EQUIVALENT]] -> 0.243 | U60: =Table24[[#This Row],[G]]/Table24[[#This Row],[PTS]] -> 0.5 | V60: =Table24[[#This Row],[A]]/Table24[[#This Row],[PTS]] -> 0.5 | W60: 0 | X60: 0 | Y60: SWEDEN | Z60: #VALUE! | AA60: Arvid Drott (RW) | AB60: 39305 | AC60: 6'1" | AD60: 187 | AE60: R
A61: 2025 | C61: Gustav Hillstrom | D61: 60 | E61: F | F61: Brynas IF J20 | G61: J20 Nationell | H61: 0.27 | I61: 43 | J61: 16 | K61: 22 | L61: 38 | M61: 16 | N61: =Table24[[#This Row],[G]]/Table24[[#This Row],[GP]] -> 0.37209302 | O61: =Table24[[#This Row],[A]]/Table24[[#This Row],[GP]] -> 0.51162791 | P61: =Table24[[#This Row],[PTS]]/Table24[[#This Row],[GP]] -> 0.88372093 | Q61: =Table24[[#This Row],[PIM]]/Table24[[#This Row],[GP]] -> 0.37209302 | R61: =Table24[[#This Row],[PIM]]/Table24[[#This Row],[PTS]] -> 0.42105263 | S61: =Table24[[#This Row],[PTS]]/Table24[[#This Row],[PIM]] -> 2.375 | T61: =Table24[[#This Row],[PTS]]/Table24[[#This Row],[GP]]*Table24[[#This Row],[NHL_EQUIVALENT]] -> 0.23860465 | U61: =Table24[[#This Row],[G]]/Table24[[#This Row],[PTS]] -> 0.42105263 | V61: =Table24[[#This Row],[A]]/Table24[[#This Row],[PTS]] -> 0.57894737 | W61: 0 | X61: 0 | Y61: SWEDEN | Z61: #VALUE! | AA61: Gustav Hillström (C) | AB61: 39102 | AC61: 6'2" | AD61: 176 | AE61: R
A62: 2025 | C62: Peyton Kettles | D62: 61 | E62: D | F62: Swift Current Broncos | G62: WHL | H62: 0.29 | I62: 53 | J62: 5 | K62: 9 | L62: 14 | M62: 65 | N62: =Table24[[#This Row],[G]]/Table24[[#This Row],[GP]] -> 0.094339623 | O62: =Table24[[#This Row],[A]]/Table24[[#This Row],[GP]] -> 0.16981132 | P62: =Table24[[#This Row],[PTS]]/Table24[[#This Row],[GP]] -> 0.26415094 | Q62: =Table24[[#This Row],[PIM]]/Table24[[#This Row],[GP]] -> 1.2264151 | R62: =Table24[[#This Row],[PIM]]/Table24[[#This Row],[PTS]] -> 4.6428571 | S62: =Table24[[#This Row],[PTS]]/Table24[[#This Row],[PIM]] -> 0.21538462 | T62: =Table24[[#This Row],[PTS]]/Table24[[#This Row],[GP]]*Table24[[#This Row],[NHL_EQUIVALENT]] -> 0.076603774 | U62: =Table24[[#This Row],[G]]/Table24[[#This Row],[PTS]] -> 0.35714286 | V62: =Table24[[#This Row],[A]]/Table24[[#This Row],[PTS]] -> 0.64285714 | W62: 0 | X62: 0 | Y62: CANADA | Z62: #VALUE! | AA62: Peyton Kettles (D) | AB62: 39326 | AC62: 6'5" | AD62: 194 | AE62: R
A63: 2025 | C63: Pyotr Andreyanov | D63: 62 | E63: G | F63: Krasnaya Armiya Moskva | G63: MHL | H63: 0.2 | I63: 37 | J63: 0 | K63: 0 | L63: 0 | M63: 0 | N63: =Table24[[#This Row],[G]]/Table24[[#This Row],[GP]] -> 0 | O63: =Table24[[#This Row],[A]]/Table24[[#This Row],[GP]] -> 0 | P63: =Table24[[#This Row],[PTS]]/Table24[[#This Row],[GP]] -> 0 | Q63: =Table24[[#This Row],[PIM]]/Table24[[#This Row],[GP]] -> 0 | R63: 0 | S63: 0 | T63: =Table24[[#This Row],[PTS]]/Table24[[#This Row],[GP]]*Table24[[#This Row],[NHL_EQUIVALENT]] -> 0 | U63: 0 | V63: 0 | W63: 1.75 | X63: 0.942 | Y63: RUSSIA | Z63: #VALUE! | AA63: Pyotr Andreyanov (G) | AB63: 39104 | AC63: 6'2" | AD63: 207 | AE63: L
A64: 2025 | C64: Alexei Medvedev | D64: 63 | E64: G | F64: London Knights | G64: OHL | H64: 0.3 | I64: 34 | J64: 0 | K64: 0 | L64: 0 | M64: 0 | N64: =Table24[[#This Row],[G]]/Table24[[#This Row],[GP]] -> 0 | O64: =Table24[[#This Row],[A]]/Table24[[#This Row],[GP]] -> 0 | P64: =Table24[[#This Row],[PTS]]/Table24[[#This Row],[GP]] -> 0 | Q64: =Table24[[#This Row],[PIM]]/Table24[[#This Row],[GP]] -> 0 | R64: 0 | S64: 0 | T64: =Table24[[#This Row],[PTS]]/Table24[[#This Row],[GP]]*Table24[[#This Row],[NHL_EQUIVALENT]] -> 0 | U64: 0 | V64: 0 | W64: 2.79 | X64: 0.912 | Y64: RUSSIA | Z64: #VALUE! | AA64: Alexei Medvedev (G) | AB64: 39335 | AC64: 6'3" | AD64: 181 | AE64: L
A65: 2025 | C65: Michal Svrcek | D65: 64 | E65: F | F65: Brynas IF J20 | G65: J20 Nationell | H65: 0.27 | I65: 30 | J65: 14 | K65: 16 | L65: 30 | M65: 10 | N65: =Table24[[#This Row],[G]]/Table24[[#This Row],[GP]] -> 0.46666667 | O65: =Table24[[#This Row],[A]]/Table24[[#This Row],[GP]] -> 0.53333333 | P65: =Table24[[#This Row],[PTS]]/Table24[[#This Row],[GP]] -> 1 | Q65: =Table24[[#This Row],[PIM]]/Table24[[#This Row],[GP]] -> 0.33333333 | R65: =Table24[[#This Row],[PIM]]/Table24[[#This Row],[PTS]] -> 0.33333333 | S65: =Table24[[#This Row],[PTS]]/Table24[[#This Row],[PIM]] -> 3 | T65: =Table24[[#This Row],[PTS]]/Table24[[#This Row],[GP]]*Table24[[#This Row],[NHL_EQUIVALENT]] -> 0.27 | U65: =Table24[[#This Row],[G]]/Table24[[#This Row],[PTS]] -> 0.46666667 | V65: =Table24[[#This Row],[A]]/Table24[[#This Row],[PTS]] -> 0.53333333 | W65: 0 | X65: 0 | Y65: SLOVAKIA | Z65: #VALUE! | AA65: Michal Svrcek (C/LW) | AB65: 39108 | AC65: 5'10" | AD65: 176 | AE65: L
A66: 2025 | C66: Tomas Pobezal | D66: 65 | E66: F | F66: HK Nitra | G66: Slovakia | H66: 0.28 | I66: 42 | J66: 15 | K66: 8 | L66: 23 | M66: 24 | N66: =Table24[[#This Row],[G]]/Table24[[#This Row],[GP]] -> 0.35714286 | O66: =Table24[[#This Row],[A]]/Table24[[#This Row],[GP]] -> 0.19047619 | P66: =Table24[[#This Row],[PTS]]/Table24[[#This Row],[GP]] -> 0.54761905 | Q66: =Table24[[#This Row],[PIM]]/Table24[[#This Row],[GP]] -> 0.57142857 | R66: =Table24[[#This Row],[PIM]]/Table24[[#This Row],[PTS]] -> 1.0434783 | S66: =Table24[[#This Row],[PTS]]/Table24[[#This Row],[PIM]] -> 0.95833333 | T66: =Table24[[#This Row],[PTS]]/Table24[[#This Row],[GP]]*Table24[[#This Row],[NHL_EQUIVALENT]] -> 0.15333333 | U66: =Table24[[#This Row],[G]]/Table24[[#This Row],[PTS]] -> 0.65217391 | V66: =Table24[[#This Row],[A]]/Table24[[#This Row],[PTS]] -> 0.34782609 | W66: 0 | X66: 0 | Y66: SLOVAKIA | Z66: #VALUE! | AA66: Tomas Pobezal (C) | AB66: 38978 | AC66: 5'10" | AD66: 179 | AE66: L
A67: 2025 | C67: L.J. Mooney | D67: 66 | E67: F | F67: U.S. National U18 Team | G67: NTDP | H67: 0.28 | I67: 51 | J67: 10 | K67: 41 | L67: 51 | M67: 25 | N67: =Table24[[#This Row],[G]]/Table24[[#This Row],[GP]] -> 0.19607843 | O67: =Table24[[#This Row],[A]]/Table24[[#This Row],[GP]] -> 0.80392157 | P67: =Table24[[#This Row],[PTS]]/Table24[[#This Row],[GP]] -> 1 | Q67: =Table24[[#This Row],[PIM]]/Table24[[#This Row],[GP]] -> 0.49019608 | R67: =Table24[[#This Row],[PIM]]/Table24[[#This Row],[PTS]] -> 0.49019608 | S67: =Table24[[#This Row],[PTS]]/Table24[[#This Row],[PIM]] -> 2.04 | T67: =Table24[[#This Row],[PTS]]/Table24[[#This Row],[GP]]*Table24[[#This Row],[NHL_EQUIVALENT]] -> 0.28 | U67: =Table24[[#This Row],[G]]/Table24[[#This Row],[PTS]] -> 0.19607843 | V67: =Table24[[#This Row],[A]]/Table24[[#This Row],[PTS]] -> 0.80392157 | W67: 0 | X67: 0 | Y67: USA | Z67: #VALUE! | AA67: L.J. Mooney (RW) | AB67: 39149 | AC67: 5'7" | AD67: 157 | AE67: R
A68: 2025 | C68: Vojtěch Čihař | D68: 67 | E68: F | F68: HC Energie Karlovy Vary | G68: Czechia | H68: 0.47 | I68: 43 | J68: 4 | K68: 5 | L68: 9 | M68: 8 | N68: =Table24[[#This Row],[G]]/Table24[[#This Row],[GP]] -> 0.093023256 | O68: =Table24[[#This Row],[A]]/Table24[[#This Row],[GP]] -> 0.11627907 | P68: =Table24[[#This Row],[PTS]]/Table24[[#This Row],[GP]] -> 0.20930233 | Q68: =Table24[[#This Row],[PIM]]/Table24[[#This Row],[GP]] -> 0.18604651 | R68: =Table24[[#This Row],[PIM]]/Table24[[#This Row],[PTS]] -> 0.88888889 | S68: =Table24[[#This Row],[PTS]]/Table24[[#This Row],[PIM]] -> 1.125 | T68: =Table24[[#This Row],[PTS]]/Table24[[#This Row],[GP]]*Table24[[#This Row],[NHL_EQUIVALENT]] -> 0.098372093 | U68: =Table24[[#This Row],[G]]/Table24[[#This Row],[PTS]] -> 0.44444444 | V68: =Table24[[#This Row],[A]]/Table24[[#This Row],[PTS]] -> 0.55555556 | W68: 0 | X68: 0 | Y68: CZECHIA | Z68: #VALUE! | AA68: Vojtěch Čihař (LW) | AB68: 39170 | AC68: 6'1" | AD68: 187 | AE68: L
A69: 2025 | C69: Jacob Rombach | D69: 68 | E69: D | F69: Lincoln Stars | G69: USHL | H69: 0.27 | I69: 57 | J69: 3 | K69: 15 | L69: 18 | M69: 57 | N69: =Table24[[#This Row],[G]]/Table24[[#This Row],[GP]] -> 0.052631579 | O69: =Table24[[#This Row],[A]]/Table24[[#This Row],[GP]] -> 0.26315789 | P69: =Table24[[#This Row],[PTS]]/Table24[[#This Row],[GP]] -> 0.31578947 | Q69: =Table24[[#This Row],[PIM]]/Table24[[#This Row],[GP]] -> 1 | R69: =Table24[[#This Row],[PIM]]/Table24[[#This Row],[PTS]] -> 3.1666667 | S69: =Table24[[#This Row],[PTS]]/Table24[[#This Row],[PIM]] -> 0.31578947 | T69: =Table24[[#This Row],[PTS]]/Table24[[#This Row],[GP]]*Table24[[#This Row],[NHL_EQUIVALENT]] -> 0.085263158 | U69: =Table24[[#This Row],[G]]/Table24[[#This Row],[PTS]] -> 0.16666667 | V69: =Table24[[#This Row],[A]]/Table24[[#This Row],[PTS]] -> 0.83333333 | W69: 0 | X69: 0 | Y69: USA | Z69: #VALUE! | AA69: Jacob Rombach (D) | AB69: 39173 | AC69: 6'6" | AD69: 201 | AE69: L
A70: 2025 | C70: Semyon Frolov | D70: 69 | E70: G | F70: Ladia Togliatti | G70: MHL | H70: 0.2 | I70: 9 | J70: 0 | K70: 0 | L70: 0 | M70: 0 | N70: =Table24[[#This Row],[G]]/Table24[[#This Row],[GP]] -> 0 | O70: =Table24[[#This Row],[A]]/Table24[[#This Row],[GP]] -> 0 | P70: =Table24[[#This Row],[PTS]]/Table24[[#This Row],[GP]] -> 0 | Q70: =Table24[[#This Row],[PIM]]/Table24[[#This Row],[GP]] -> 0 | R70: 0 | S70: 0 | T70: =Table24[[#This Row],[PTS]]/Table24[[#This Row],[GP]]*Table24[[#This Row],[NHL_EQUIVALENT]] -> 0 | U70: 0 | V70: 0 | W70: 1.83 | X70: 0.937 | Y70: RUSSIA | Z70: #VALUE! | AA70: Semyon Frolov (G) | AB70: 39099 | AC70: 6'3" | AD70: 203 | AE70: L
A71: 2025 | C71: Mason West | D71: 70 | E71: F | F71: Edina High | G71: USHS-MN | H71: 0.08 | I71: 31 | J71: 27 | K71: 22 | L71: 49 | M71: 10 | N71: =Table24[[#This Row],[G]]/Table24[[#This Row],[GP]] -> 0.87096774 | O71: =Table24[[#This Row],[A]]/Table24[[#This Row],[GP]] -> 0.70967742 | P71: =Table24[[#This Row],[PTS]]/Table24[[#This Row],[GP]] -> 1.5806452 | Q71: =Table24[[#This Row],[PIM]]/Table24[[#This Row],[GP]] -> 0.32258065 | R71: =Table24[[#This Row],[PIM]]/Table24[[#This Row],[PTS]] -> 0.20408163 | S71: =Table24[[#This Row],[PTS]]/Table24[[#This Row],[PIM]] -> 4.9 | T71: =Table24[[#This Row],[PTS]]/Table24[[#This Row],[GP]]*Table24[[#This Row],[NHL_EQUIVALENT]] -> 0.12645161 | U71: =Table24[[#This Row],[G]]/Table24[[#This Row],[PTS]] -> 0.55102041 | V71: =Table24[[#This Row],[A]]/Table24[[#This Row],[PTS]] -> 0.44897959 | W71: 0 | X71: 0 | Y71: USA | Z71: #VALUE! | AA71: Mason West (F) | AB71: 39297 | AC71: 6'6" | AD71: 207 | AE71: R
A72: 2025 | C72: Max Psenicka | D72: 71 | E72: D | F72: Portland Winterhawks | G72: WHL | H72: 0.29 | I72: 24 | J72: 1 | K72: 6 | L72: 7 | M72: 12 | N72: =Table24[[#This Row],[G]]/Table24[[#This Row],[GP]] -> 0.041666667 | O72: =Table24[[#This Row],[A]]/Table24[[#This Row],[GP]] -> 0.25 | P72: =Table24[[#This Row],[PTS]]/Table24[[#This Row],[GP]] -> 0.29166667 | Q72: =Table24[[#This Row],[PIM]]/Table24[[#This Row],[GP]] -> 0.5 | R72: =Table24[[#This Row],[PIM]]/Table24[[#This Row],[PTS]] -> 1.7142857 | S72: =Table24[[#This Row],[PTS]]/Table24[[#This Row],[PIM]] -> 0.58333333 | T72: =Table24[[#This Row],[PTS]]/Table24[[#This Row],[GP]]*Table24[[#This Row],[NHL_EQUIVALENT]] -> 0.084583333 | U72: =Table24[[#This Row],[G]]/Table24[[#This Row],[PTS]] -> 0.14285714 | V72: =Table24[[#This Row],[A]]/Table24[[#This Row],[PTS]] -> 0.85714286 | W72: 0 | X72: 0 | Y72: CZECHIA | Z72: #VALUE! | AA72: Max Psenicka (D) | AB72: 39100 | AC72: 6'4" | AD72: 185 | AE72: R
A73: 2025 | C73: Topias Hynninen | D73: 72 | E73: F | F73: Jukurit | G73: Liiga | H73: 0.54 | I73: 51 | J73: 12 | K73: 23 | L73: 35 | M73: 6 | N73: =Table24[[#This Row],[G]]/Table24[[#This Row],[GP]] -> 0.23529412 | O73: =Table24[[#This Row],[A]]/Table24[[#This Row],[GP]] -> 0.45098039 | P73: =Table24[[#This Row],[PTS]]/Table24[[#This Row],[GP]] -> 0.68627451 | Q73: =Table24[[#This Row],[PIM]]/Table24[[#This Row],[GP]] -> 0.11764706 | R73: =Table24[[#This Row],[PIM]]/Table24[[#This Row],[PTS]] -> 0.17142857 | S73: =Table24[[#This Row],[PTS]]/Table24[[#This Row],[PIM]] -> 5.8333333 | T73: =Table24[[#This Row],[PTS]]/Table24[[#This Row],[GP]]*Table24[[#This Row],[NHL_EQUIVALENT]] -> 0.37058824 | U73: =Table24[[#This Row],[G]]/Table24[[#This Row],[PTS]] -> 0.34285714 | V73: =Table24[[#This Row],[A]]/Table24[[#This Row],[PTS]] -> 0.65714286 | W73: 0 | X73: 0 | Y73: FINLAND | Z73: #VALUE! | AA73: Topias Hynninen (C) | AB73: 38705 | AC73: 5'11" | AD73: 176 | AE73: L
A74: 2025 | C74: Harry Nansi | D74: 73 | E74: F | F74: Owen Sound Attack | G74: OHL | H74: 0.3 | I74: 67 | J74: 7 | K74: 16 | L74: 23 | M74: 14 | N74: =Table24[[#This Row],[G]]/Table24[[#This Row],[GP]] -> 0.10447761 | O74: =Table24[[#This Row],[A]]/Table24[[#This Row],[GP]] -> 0.23880597 | P74: =Table24[[#This Row],[PTS]]/Table24[[#This Row],[GP]] -> 0.34328358 | Q74: =Table24[[#This Row],[PIM]]/Table24[[#This Row],[GP]] -> 0.20895522 | R74: =Table24[[#This Row],[PIM]]/Table24[[#This Row],[PTS]] -> 0.60869565 | S74: =Table24[[#This Row],[PTS]]/Table24[[#This Row],[PIM]] -> 1.6428571 | T74: =Table24[[#This Row],[PTS]]/Table24[[#This Row],[GP]]*Table24[[#This Row],[NHL_EQUIVALENT]] -> 0.10298507 | U74: =Table24[[#This Row],[G]]/Table24[[#This Row],[PTS]] -> 0.30434783 | V74: =Table24[[#This Row],[A]]/Table24[[#This Row],[PTS]] -> 0.69565217 | W74: 0 | X74: 0 | Y74: CANADA | Z74: #VALUE! | AA74: Harry Nansi (C) | AB74: 39335 | AC74: 6'3" | AD74: 179 | AE74: R
A75: 2025 | C75: Filip Ekberg | D75: 74 | E75: F | F75: Ottawa 67's | G75: OHL | H75: 0.3 | I75: 53 | J75: 16 | K75: 29 | L75: 45 | M75: 8 | N75: =Table24[[#This Row],[G]]/Table24[[#This Row],[GP]] -> 0.30188679 | O75: =Table24[[#This Row],[A]]/Table24[[#This Row],[GP]] -> 0.54716981 | P75: =Table24[[#This Row],[PTS]]/Table24[[#This Row],[GP]] -> 0.8490566 | Q75: =Table24[[#This Row],[PIM]]/Table24[[#This Row],[GP]] -> 0.1509434 | R75: =Table24[[#This Row],[PIM]]/Table24[[#This Row],[PTS]] -> 0.17777778 | S75: =Table24[[#This Row],[PTS]]/Table24[[#This Row],[PIM]] -> 5.625 | T75: =Table24[[#This Row],[PTS]]/Table24[[#This Row],[GP]]*Table24[[#This Row],[NHL_EQUIVALENT]] -> 0.25471698 | U75: =Table24[[#This Row],[G]]/Table24[[#This Row],[PTS]] -> 0.35555556 | V75: =Table24[[#This Row],[A]]/Table24[[#This Row],[PTS]] -> 0.64444444 | W75: 0 | X75: 0 | Y75: SWEDEN | Z75: #VALUE! | AA75: Filip Ekberg (LW) | AB75: 39186 | AC75: 5'10" | AD75: 168 | AE75: L
A76: 2025 | C76: Maxim Agafonov | D76: 75 | E76: D | F76: Tolpar Ufa | G76: MHL | H76: 0.2 | I76: 35 | J76: 6 | K76: 8 | L76: 14 | M76: 22 | N76: =Table24[[#This Row],[G]]/Table24[[#This Row],[GP]] -> 0.17142857 | O76: =Table24[[#This Row],[A]]/Table24[[#This Row],[GP]] -> 0.22857143 | P76: =Table24[[#This Row],[PTS]]/Table24[[#This Row],[GP]] -> 0.4 | Q76: =Table24[[#This Row],[PIM]]/Table24[[#This Row],[GP]] -> 0.62857143 | R76: =Table24[[#This Row],[PIM]]/Table24[[#This Row],[PTS]] -> 1.5714286 | S76: =Table24[[#This Row],[PTS]]/Table24[[#This Row],[PIM]] -> 0.63636364 | T76: =Table24[[#This Row],[PTS]]/Table24[[#This Row],[GP]]*Table24[[#This Row],[NHL_EQUIVALENT]] -> 0.08 | U76: =Table24[[#This Row],[G]]/Table24[[#This Row],[PTS]] -> 0.42857143 | V76: =Table24[[#This Row],[A]]/Table24[[#This Row],[PTS]] -> 0.57142857 | W76: 0 | X76: 0 | Y76: RUSSIA | Z76: #VALUE! | AA76: Maxim Agafonov (D) | AB76: 39182 | AC76: 6'2" | AD76: 198 | AE76: R
A77: 2025 | C77: Tomas Poletin | D77: 76 | E77: F | F77: Pelicans U20 | G77: U20 SM-sarja | H77: 0.22 | I77: 25 | J77: 13 | K77: 7 | L77: 20 | M77: 14 | N77: =Table24[[#This Row],[G]]/Table24[[#This Row],[GP]] -> 0.52 | O77: =Table24[[#This Row],[A]]/Table24[[#This Row],[GP]] -> 0.28 | P77: =Table24[[#This Row],[PTS]]/Table24[[#This Row],[GP]] -> 0.8 | Q77: =Table24[[#This Row],[PIM]]/Table24[[#This Row],[GP]] -> 0.56 | R77: =Table24[[#This Row],[PIM]]/Table24[[#This Row],[PTS]] -> 0.7 | S77: =Table24[[#This Row],[PTS]]/Table24[[#This Row],[PIM]] -> 1.4285714 | T77: =Table24[[#This Row],[PTS]]/Table24[[#This Row],[GP]]*Table24[[#This Row],[NHL_EQUIVALENT]] -> 0.176 | U77: =Table24[[#This Row],[G]]/Table24[[#This Row],[PTS]] -> 0.65 | V77: =Table24[[#This Row],[A]]/Table24[[#This Row],[PTS]] -> 0.35 | W77: 0 | X77: 0 | Y77: CZECHIA | Z77: #VALUE! | AA77: Tomas Poletin (LW) | AB77: 39202 | AC77: 6'1" | AD77: 196 | AE77: L
A78: 2025 | C78: Alex Huang | D78: 77 | E78: D | F78: Chicoutimi SaguenÃ©ens | G78: QMJHL | H78: 0.27 | I78: 64 | J78: 7 | K78: 33 | L78: 40 | M78: 16 | N78: =Table24[[#This Row],[G]]/Table24[[#This Row],[GP]] -> 0.109375 | O78: =Table24[[#This Row],[A]]/Table24[[#This Row],[GP]] -> 0.515625 | P78: =Table24[[#This Row],[PTS]]/Table24[[#This Row],[GP]] -> 0.625 | Q78: =Table24[[#This Row],[PIM]]/Table24[[#This Row],[GP]] -> 0.25 | R78: =Table24[[#This Row],[PIM]]/Table24[[#This Row],[PTS]] -> 0.4 | S78: =Table24[[#This Row],[PTS]]/Table24[[#This Row],[PIM]] -> 2.5 | T78: =Table24[[#This Row],[PTS]]/Table24[[#This Row],[GP]]*Table24[[#This Row],[NHL_EQUIVALENT]] -> 0.16875 | U78: =Table24[[#This Row],[G]]/Table24[[#This Row],[PTS]] -> 0.175 | V78: =Table24[[#This Row],[A]]/Table24[[#This Row],[PTS]] -> 0.825 | W78: 0 | X78: 0 | Y78: CANADA | Z78: #VALUE! | AA78: Alex Huang (D) | AB78: 39293 | AC78: 6'0" | AD78: 161 | AE78: R
A79: 2025 | C79: Theo Stockselius | D79: 78 | E79: F | F79: Djurgardens IF J20 | G79: J20 Nationell | H79: 0.27 | I79: 40 | J79: 22 | K79: 29 | L79: 51 | M79: 50 | N79: =Table24[[#This Row],[G]]/Table24[[#This Row],[GP]] -> 0.55 | O79: =Table24[[#This Row],[A]]/Table24[[#This Row],[GP]] -> 0.725 | P79: =Table24[[#This Row],[PTS]]/Table24[[#This Row],[GP]] -> 1.275 | Q79: =Table24[[#This Row],[PIM]]/Table24[[#This Row],[GP]] -> 1.25 | R79: =Table24[[#This Row],[PIM]]/Table24[[#This Row],[PTS]] -> 0.98039216 | S79: =Table24[[#This Row],[PTS]]/Table24[[#This Row],[PIM]] -> 1.02 | T79: =Table24[[#This Row],[PTS]]/Table24[[#This Row],[GP]]*Table24[[#This Row],[NHL_EQUIVALENT]] -> 0.34425 | U79: =Table24[[#This Row],[G]]/Table24[[#This Row],[PTS]] -> 0.43137255 | V79: =Table24[[#This Row],[A]]/Table24[[#This Row],[PTS]] -> 0.56862745 | W79: 0 | X79: 0 | Y79: SWEDEN | Z79: #VALUE! | AA79: Theo Stockselius (F) | AB79: 39287 | AC79: 6'3" | AD79: 183 | AE79: L
A80: 2025 | C80: Daniil Prokhorov | D80: 79 | E80: F | F80: MHK Dynamo St. Petersburg | G80: MHL | H80: 0.2 | I80: 43 | J80: 20 | K80: 7 | L80: 27 | M80: 14 | N80: =Table24[[#This Row],[G]]/Table24[[#This Row],[GP]] -> 0.46511628 | O80: =Table24[[#This Row],[A]]/Table24[[#This Row],[GP]] -> 0.1627907 | P80: =Table24[[#This Row],[PTS]]/Table24[[#This Row],[GP]] -> 0.62790698 | Q80: =Table24[[#This Row],[PIM]]/Table24[[#This Row],[GP]] -> 0.3255814 | R80: =Table24[[#This Row],[PIM]]/Table24[[#This Row],[PTS]] -> 0.51851852 | S80: =Table24[[#This Row],[PTS]]/Table24[[#This Row],[PIM]] -> 1.9285714 | T80: =Table24[[#This Row],[PTS]]/Table24[[#This Row],[GP]]*Table24[[#This Row],[NHL_EQUIVALENT]] -> 0.1255814 | U80: =Table24[[#This Row],[G]]/Table24[[#This Row],[PTS]] -> 0.74074074 | V80: =Table24[[#This Row],[A]]/Table24[[#This Row],[PTS]] -> 0.25925926 | W80: 0 | X80: 0 | Y80: RUSSIA | Z80: #VALUE! | AA80: Daniil Prokhorov (RW) | AB80: 39199 | AC80: 6'6" | AD80: 209 | AE80: L
A81: 2025 | C81: Jamiro Reber | D81: 80 | E81: F | F81: HV71 | G81: SHL | H81: 0.55 | I81: 47 | J81: 8 | K81: 7 | L81: 15 | M81: 6 | N81: =Table24[[#This Row],[G]]/Table24[[#This Row],[GP]] -> 0.17021277 | O81: =Table24[[#This Row],[A]]/Table24[[#This Row],[GP]] -> 0.14893617 | P81: =Table24[[#This Row],[PTS]]/Table24[[#This Row],[GP]] -> 0.31914894 | Q81: =Table24[[#This Row],[PIM]]/Table24[[#This Row],[GP]] -> 0.12765957 | R81: =Table24[[#This Row],[PIM]]/Table24[[#This Row],[PTS]] -> 0.4 | S81: =Table24[[#This Row],[PTS]]/Table24[[#This Row],[PIM]] -> 2.5 | T81: =Table24[[#This Row],[PTS]]/Table24[[#This Row],[GP]]*Table24[[#This Row],[NHL_EQUIVALENT]] -> 0.17553191 | U81: =Table24[[#This Row],[G]]/Table24[[#This Row],[PTS]] -> 0.53333333 | V81: =Table24[[#This Row],[A]]/Table24[[#This Row],[PTS]] -> 0.46666667 | W81: 0 | X81: 0 | Y81: SWITZERLAND | Z81: #VALUE! | AA81: Jamiro Reber (C/LW) | AB81: 38964 | AC81: 5'10" | AD81: 176 | AE81: L
A82: 2025 | C82: Dakoda Rhéaume-Mullen | D82: 81 | E82: D | F82: Univ. of Michigan | G82: NCAA | H82: 0.32 | I82: 35 | J82: 3 | K82: 6 | L82: 9 | M82: 8 | N82: =Table24[[#This Row],[G]]/Table24[[#This Row],[GP]] -> 0.085714286 | O82: =Table24[[#This Row],[A]]/Table24[[#This Row],[GP]] -> 0.17142857 | P82: =Table24[[#This Row],[PTS]]/Table24[[#This Row],[GP]] -> 0.25714286 | Q82: =Table24[[#This Row],[PIM]]/Table24[[#This Row],[GP]] -> 0.22857143 | R82: =Table24[[#This Row],[PIM]]/Table24[[#This Row],[PTS]] -> 0.88888889 | S82: =Table24[[#This Row],[PTS]]/Table24[[#This Row],[PIM]] -> 1.125 | T82: =Table24[[#This Row],[PTS]]/Table24[[#This Row],[GP]]*Table24[[#This Row],[NHL_EQUIVALENT]] -> 0.082285714 | U82: =Table24[[#This Row],[G]]/Table24[[#This Row],[PTS]] -> 0.33333333 | V82: =Table24[[#This Row],[A]]/Table24[[#This Row],[PTS]] -> 0.66666667 | W82: 0 | X82: 0 | Y82: USA | Z82: #VALUE! | AA82: Dakoda Rhéaume-Mullen (D) | AB82: 39069 | AC82: 6'0" | AD82: 181 | AE82: L
... A93: 2025 | C93: Mason Moe | D93: 92 | E93: F | F93: Madison Capitols | G93: USHL | H93: 0.27 | I93: 51 | J93: 17 | K93: 26 | L93: 43 | M93: 26 | N93: =Table24[[#This Row],[G]]/Table24[[#This Row],[GP]] -> 0.33333333 | O93: =Table24[[#This Row],[A]]/Table24[[#This Row],[GP]] -> 0.50980392 | P93: =Table24[[#This Row],[PTS]]/Table24[[#This Row],[GP]] -> 0.84313725 | Q93: =Table24[[#This Row],[PIM]]/Table24[[#This Row],[GP]] -> 0.50980392 | R93: =Table24[[#This Row],[PIM]]/Table24[[#This Row],[PTS]] -> 0.60465116 | S93: =Table24[[#This Row],[PTS]]/Table24[[#This Row],[PIM]] -> 1.6538462 | T93: =Table24[[#This Row],[PTS]]/Table24[[#This Row],[GP]]*Table24[[#This Row],[NHL_EQUIVALENT]] -> 0.22764706 | U93: =Table24[[#This Row],[G]]/Table24[[#This Row],[PTS]] -> 0.39534884 | V93: =Table24[[#This Row],[A]]/Table24[[#This Row],[PTS]] -> 0.60465116 | W93: 0 | X93: 0 | Y93: USA | Z93: #VALUE! | AA93: Mason Moe (F) | AB93: 39167 | AC93: 6'1" | AD93: 185 | AE93: L
A94: 2025 | C94: Michal Pradel | D94: 93 | E94: G | F94: Tri-City Storm | G94: USHL | H94: 0.27 | I94: 14 | J94: 0 | K94: 0 | L94: 0 | M94: 0 | N94: =Table24[[#This Row],[G]]/Table24[[#This Row],[GP]] -> 0 | O94: =Table24[[#This Row],[A]]/Table24[[#This Row],[GP]] -> 0 | P94: =Table24[[#This Row],[PTS]]/Table24[[#This Row],[GP]] -> 0 | Q94: =Table24[[#This Row],[PIM]]/Table24[[#This Row],[GP]] -> 0 | R94: 0 | S94: 0 | T94: =Table24[[#This Row],[PTS]]/Table24[[#This Row],[GP]]*Table24[[#This Row],[NHL_EQUIVALENT]] -> 0 | U94: 0 | V94: 0 | W94: 2.41 | X94: 0.899 | Y94: SLOVAKIA | Z94: #VALUE! | AA94: Michal Pradel (G) | AB94: 39151 | AC94: 6'5" | AD94: 194 | AE94: L
A95: 2025 | C95: Jimmy Lombardi | D95: 94 | E95: F | F95: Flint Firebirds | G95: OHL | H95: 0.3 | I95: 63 | J95: 13 | K95: 32 | L95: 45 | M95: 42 | N95: =Table24[[#This Row],[G]]/Table24[[#This Row],[GP]] -> 0.20634921 | O95: =Table24[[#This Row],[A]]/Table24[[#This Row],[GP]] -> 0.50793651 | P95: =Table24[[#This Row],[PTS]]/Table24[[#This Row],[GP]] -> 0.71428571 | Q95: =Table24[[#This Row],[PIM]]/Table24[[#This Row],[GP]] -> 0.66666667 | R95: =Table24[[#This Row],[PIM]]/Table24[[#This Row],[PTS]] -> 0.93333333 | S95: =Table24[[#This Row],[PTS]]/Table24[[#This Row],[PIM]] -> 1.0714286 | T95: =Table24[[#This Row],[PTS]]/Table24[[#This Row],[GP]]*Table24[[#This Row],[NHL_EQUIVALENT]] -> 0.21428571 | U95: =Table24[[#This Row],[G]]/Table24[[#This Row],[PTS]] -> 0.28888889 | V95: =Table24[[#This Row],[A]]/Table24[[#This Row],[PTS]] -> 0.71111111 | W95: 0 | X95: 0 | Y95: CANADA | Z95: #VALUE! | AA95: Jimmy Lombardi (C) | AB95: 39129 | AC95: 6'0" | AD95: 179 | AE95: L
A96: 2025 | C96: David Bedkowski | D96: 95 | E96: D | F96: Owen Sound Attack | G96: OHL | H96: 0.3 | I96: 35 | J96: 3 | K96: 4 | L96: 7 | M96: 73 | N96: =Table24[[#This Row],[G]]/Table24[[#This Row],[GP]] -> 0.085714286 | O96: =Table24[[#This Row],[A]]/Table24[[#This Row],[GP]] -> 0.11428571 | P96: =Table24[[#This Row],[PTS]]/Table24[[#This Row],[GP]] -> 0.2 | Q96: =Table24[[#This Row],[PIM]]/Table24[[#This Row],[GP]] -> 2.0857143 | R96: =Table24[[#This Row],[PIM]]/Table24[[#This Row],[PTS]] -> 10.428571 | S96: =Table24[[#This Row],[PTS]]/Table24[[#This Row],[PIM]] -> 0.095890411 | T96: =Table24[[#This Row],[PTS]]/Table24[[#This Row],[GP]]*Table24[[#This Row],[NHL_EQUIVALENT]] -> 0.06 | U96: =Table24[[#This Row],[G]]/Table24[[#This Row],[PTS]] -> 0.42857143 | V96: =Table24[[#This Row],[A]]/Table24[[#This Row],[PTS]] -> 0.57142857 | W96: 0 | X96: 0 | Y96: CANADA | Z96: #VALUE! | AA96: David Bedkowski (D) | AB96: 39058 | AC96: 6'5" | AD96: 214 | AE96: R
A97: 2025 | C97: Owen Conrad | D97: 96 | E97: D | F97: Charlottetown Islanders | G97: QMJHL | H97: 0.27 | I97: 64 | J97: 7 | K97: 19 | L97: 26 | M97: 32 | N97: =Table24[[#This Row],[G]]/Table24[[#This Row],[GP]] -> 0.109375 | O97: =Table24[[#This Row],[A]]/Table24[[#This Row],[GP]] -> 0.296875 | P97: =Table24[[#This Row],[PTS]]/Table24[[#This Row],[GP]] -> 0.40625 | Q97: =Table24[[#This Row],[PIM]]/Table24[[#This Row],[GP]] -> 0.5 | R97: =Table24[[#This Row],[PIM]]/Table24[[#This Row],[PTS]] -> 1.2307692 | S97: =Table24[[#This Row],[PTS]]/Table24[[#This Row],[PIM]] -> 0.8125 | T97: =Table24[[#This Row],[PTS]]/Table24[[#This Row],[GP]]*Table24[[#This Row],[NHL_EQUIVALENT]] -> 0.1096875 | U97: =Table24[[#This Row],[G]]/Table24[[#This Row],[PTS]] -> 0.26923077 | V97: =Table24[[#This Row],[A]]/Table24[[#This Row],[PTS]] -> 0.73076923 | W97: 0 | X97: 0 | Y97: CANADA | Z97: #VALUE! | AA97: Owen Conrad (D) | AB97: 39151 | AC97: 6'3" | AD97: 209 | AE97: L
A98: 2025 | C98: Anthony Allain-Samaké | D98: 97 | E98: D | F98: Sioux City Musketeers | G98: USHL | H98: 0.27 | I98: 61 | J98: 0 | K98: 14 | L98: 14 | M98: 30 | N98: =Table24[[#This Row],[G]]/Table24[[#This Row],[GP]] -> 0 | O98: =Table24[[#This Row],[A]]/Table24[[#This Row],[GP]] -> 0.2295082 | P98: =Table24[[#This Row],[PTS]]/Table24[[#This Row],[GP]] -> 0.2295082 | Q98: =Table24[[#This Row],[PIM]]/Table24[[#This Row],[GP]] -> 0.49180328 | R98: =Table24[[#This Row],[PIM]]/Table24[[#This Row],[PTS]] -> 2.1428571 | S98: =Table24[[#This Row],[PTS]]/Table24[[#This Row],[PIM]] -> 0.46666667 | T98: =Table24[[#This Row],[PTS]]/Table24[[#This Row],[GP]]*Table24[[#This Row],[NHL_EQUIVALENT]] -> 0.061967213 | U98: =Table24[[#This Row],[G]]/Table24[[#This Row],[PTS]] -> 0 | V98: =Table24[[#This Row],[A]]/Table24[[#This Row],[PTS]] -> 1 | W98: 0 | X98: 0 | Y98: CANADA | Z98: #VALUE! | AA98: Anthony Allain-Samaké (D) | AB98: 39335 | AC98: 6'0" | AD98: 165 | AE98: L
A99: 2025 | C99: Zachary Morin | D99: 98 | E99: F | F99: Saint John Sea Dogs | G99: QMJHL | H99: 0.27 | I99: 56 | J99: 16 | K99: 20 | L99: 36 | M99: 21 | N99: =Table24[[#This Row],[G]]/Table24[[#This Row],[GP]] -> 0.28571429 | O99: =Table24[[#This Row],[A]]/Table24[[#This Row],[GP]] -> 0.35714286 | P99: =Table24[[#This Row],[PTS]]/Table24[[#This Row],[GP]] -> 0.64285714 | Q99: =Table24[[#This Row],[PIM]]/Table24[[#This Row],[GP]] -> 0.375 | R99: =Table24[[#This Row],[PIM]]/Table24[[#This Row],[PTS]] -> 0.58333333 | S99: =Table24[[#This Row],[PTS]]/Table24[[#This Row],[PIM]] -> 1.7142857 | T99: =Table24[[#This Row],[PTS]]/Table24[[#This Row],[GP]]*Table24[[#This Row],[NHL_EQUIVALENT]] -> 0.17357143 | U99: =Table24[[#This Row],[G]]/Table24[[#This Row],[PTS]] -> 0.44444444 | V99: =Table24[[#This Row],[A]]/Table24[[#This Row],[PTS]] -> 0.55555556 | W99: 0 | X99: 0 | Y99: CANADA | Z99: #VALUE! | AA99: Zachary Morin (LW) | AB99: 39107 | AC99: 6'2" | AD99: 174 | AE99: L
A100: 2025 | C100: Melvin Novotny | D100: 99 | E100: F | F100: Leksands IF J20 | G100: J20 Nationell | H100: 0.27 | I100: 41 | J100: 12 | K100: 26 | L100: 38 | M100: 37 | N100: =Table24[[#This Row],[G]]/Table24[[#This Row],[GP]] -> 0.29268293 | O100: =Table24[[#This Row],[A]]/Table24[[#This Row],[GP]] -> 0.63414634 | P100: =Table24[[#This Row],[PTS]]/Table24[[#This Row],[GP]] -> 0.92682927 | Q100: =Table24[[#This Row],[PIM]]/Table24[[#This Row],[GP]] -> 0.90243902 | R100: =Table24[[#This Row],[PIM]]/Table24[[#This Row],[PTS]] -> 0.97368421 | S100: =Table24[[#This Row],[PTS]]/Table24[[#This Row],[PIM]] -> 1.027027 | T100: =Table24[[#This Row],[PTS]]/Table24[[#This Row],[GP]]*Table24[[#This Row],[NHL_EQUIVALENT]] -> 0.2502439 | U100: =Table24[[#This Row],[G]]/Table24[[#This Row],[PTS]] -> 0.31578947 | V100: =Table24[[#This Row],[A]]/Table24[[#This Row],[PTS]] -> 0.68421053 | W100: 0 | X100: 0 | Y100: SWEDEN | Z100: #VALUE! | AA100: Melvin Novotny (F) | AB100: 39175 | AC100: 6'1" | AD100: 187 | AE100: L
A101: 2025 | C101: Malte Vass | D101: 100 | E101: D | F101: Farjestad BK J20 | G101: J20 Nationell | H101: 0.27 | I101: 40 | J101: 2 | K101: 9 | L101: 11 | M101: 53 | N101: =Table24[[#This Row],[G]]/Table24[[#This Row],[GP]] -> 0.05 | O101: =Table24[[#This Row],[A]]/Table24[[#This Row],[GP]] -> 0.225 | P101: =Table24[[#This Row],[PTS]]/Table24[[#This Row],[GP]] -> 0.275 | Q101: =Table24[[#This Row],[PIM]]/Table24[[#This Row],[GP]] -> 1.325 | R101: =Table24[[#This Row],[PIM]]/Table24[[#This Row],[PTS]] -> 4.8181818 | S101: =Table24[[#This Row],[PTS]]/Table24[[#This Row],[PIM]] -> 0.20754717 | T101: =Table24[[#This Row],[PTS]]/Table24[[#This Row],[GP]]*Table24[[#This Row],[NHL_EQUIVALENT]] -> 0.07425 | U101: =Table24[[#This Row],[G]]/Table24[[#This Row],[PTS]] -> 0.18181818 | V101: =Table24[[#This Row],[A]]/Table24[[#This Row],[PTS]] -> 0.81818182 | W101: 0 | X101: 0 | Y101: SWEDEN | Z101: #VALUE! | AA101: Malte Vass (D) | AB101: 39169 | AC101: 6'2" | AD101: 185 | AE101: L

Sheet post_one_analysis
A1: PLAYER | B1: RANKING | C1: POSITION | D1: GPG | E1: APG | F1: PTSPG | G1: NHLe | H1: NATIONALITY | I1: FLAG | J1: HEIGHT | K1: WEIGHT | O1: PLAYER | P1: RANKING | Q1: POSITION | R1: GPG | S1: APG | T1: PTSPG | U1: NHLe | V1: NATIONALITY | W1: HEIGHT | X1: WEIGHT
A2: Matthew Schaefer | B2: 1 | C2: D | D2: =Table24[[#This Row],[G]]/Table24[[#This Row],[GP]] -> 0.41176471 | E2: =Table24[[#This Row],[A]]/Table24[[#This Row],[GP]] -> 0.88235294 | F2: =Table24[[#This Row],[PTS]]/Table24[[#This Row],[GP]] -> 1.2941176 | G2: =Table24[[#This Row],[PTS]]/Table24[[#This Row],[GP]]*Table24[[#This Row],[NHL_EQUIVALENT]] -> 0.38823529 | H2: CANADA | I2: #VALUE! | J2: 6'2" | K2: 183 | O2: Michael Misa | P2: 2 | Q2: F | R2: 0.95384615 | S2: 1.1076923 | T2: 2.0615385 | U2: 0.61846154 | V2: CANADA | W2: 6'1" | X2: 185
A3: Michael Misa | B3: 2 | C3: F | D3: =Table24[[#This Row],[G]]/Table24[[#This Row],[GP]] -> 0.95384615 | E3: =Table24[[#This Row],[A]]/Table24[[#This Row],[GP]] -> 1.1076923 | F3: =Table24[[#This Row],[PTS]]/Table24[[#This Row],[GP]] -> 2.0615385 | G3: =Table24[[#This Row],[PTS]]/Table24[[#This Row],[GP]]*Table24[[#This Row],[NHL_EQUIVALENT]] -> 0.61846154 | H3: CANADA | I3: #VALUE! | J3: 6'1" | K3: 185 | O3: Porter Martone | P3: 4 | Q3: F | R3: 0.64912281 | S3: 1.0701754 | T3: 1.7192982 | U3: 0.51578947 | V3: CANADA | W3: 6'3" | X3: 207
A4: James Hagens | B4: 3 | C4: F | D4: =Table24[[#This Row],[G]]/Table24[[#This Row],[GP]] -> 0.2972973 | E4: =Table24[[#This Row],[A]]/Table24[[#This Row],[GP]] -> 0.7027027 | F4: =Table24[[#This Row],[PTS]]/Table24[[#This Row],[GP]] -> 1 | G4: =Table24[[#This Row],[PTS]]/Table24[[#This Row],[GP]]*Table24[[#This Row],[NHL_EQUIVALENT]] -> 0.32 | H4: USA | I4: #VALUE! | J4: 5'11" | K4: 176 | O4: Jake O'Brien | P4: 10 | Q4: F | R4: 0.48484848 | S4: 1 | T4: 1.4848485 | U4: 0.44545455 | V4: CANADA | W4: 6'2" | X4: 170
A5: Porter Martone | B5: 4 | C5: F | D5: =Table24[[#This Row],[G]]/Table24[[#This Row],[GP]] -> 0.64912281 | E5: =Table24[[#This Row],[A]]/Table24[[#This Row],[GP]] -> 1.0701754 | F5: =Table24[[#This Row],[PTS]]/Table24[[#This Row],[GP]] -> 1.7192982 | G5: =Table24[[#This Row],[PTS]]/Table24[[#This Row],[GP]]*Table24[[#This Row],[NHL_EQUIVALENT]] -> 0.51578947 | H5: CANADA | I5: #VALUE! | J5: 6'3" | K5: 207 | O5: Benjamin Kindel | P5: 19 | Q5: F | R5: 0.53846154 | S5: 0.98461538 | T5: 1.5230769 | U5: 0.44169231 | V5: CANADA | W5: 5'10" | X5: 176
A6: Anton Frondell | B6: 5 | C6: F | D6: =Table24[[#This Row],[G]]/Table24[[#This Row],[GP]] -> 0.37931034 | E6: =Table24[[#This Row],[A]]/Table24[[#This Row],[GP]] -> 0.48275862 | F6: =Table24[[#This Row],[PTS]]/Table24[[#This Row],[GP]] -> 0.86206897 | G6: =Table24[[#This Row],[PTS]]/Table24[[#This Row],[GP]]*Table24[[#This Row],[NHL_EQUIVALENT]] -> 0.35344828 | H6: SWEDEN | I6: #VALUE! | J6: 6'0" | K6: 196 | O6: Cole Reschny | P6: 22 | Q6: F | R6: 0.41935484 | S6: 1.0645161 | T6: 1.483871 | U6: 0.43032258 | V6: CANADA | W6: 5'10" | X6: 187
A7: Roger McQueen | B7: 6 | C7: F | D7: =Table24[[#This Row],[G]]/Table24[[#This Row],[GP]] -> 0.58823529 | E7: =Table24[[#This Row],[A]]/Table24[[#This Row],[GP]] -> 0.58823529 | F7: =Table24[[#This Row],[PTS]]/Table24[[#This Row],[GP]] -> 1.1764706 | G7: =Table24[[#This Row],[PTS]]/Table24[[#This Row],[GP]]*Table24[[#This Row],[NHL_EQUIVALENT]] -> 0.34117647 | H7: CANADA | I7: #VALUE! | J7: 6'5" | K7: 192 | O7: Carter Bear | P7: 12 | Q7: F | R7: 0.71428571 | S7: 0.75 | T7: 1.4642857 | U7: 0.42464286 | V7: CANADA | W7: 6'0" | X7: 176
A8: Victor Eklund | B8: 7 | C8: F | D8: =Table24[[#This Row],[G]]/Table24[[#This Row],[GP]] -> 0.45238095 | E8: =Table24[[#This Row],[A]]/Table24[[#This Row],[GP]] -> 0.28571429 | F8: =Table24[[#This Row],[PTS]]/Table24[[#This Row],[GP]] -> 0.73809524 | G8: =Table24[[#This Row],[PTS]]/Table24[[#This Row],[GP]]*Table24[[#This Row],[NHL_EQUIVALENT]] -> 0.30261905 | H8: SWEDEN | I8: #VALUE! | J8: 5'11" | K8: 161 | O8: Caleb Desnoyers | P8: 8 | Q8: F | R8: 0.625 | S8: 0.875 | T8: 1.5 | U8: 0.405 | V8: CANADA | W8: 6'2" | X8: 172
A9: Caleb Desnoyers | B9: 8 | C9: F | D9: =Table24[[#This Row],[G]]/Table24[[#This Row],[GP]] -> 0.625 | E9: =Table24[[#This Row],[A]]/Table24[[#This Row],[GP]] -> 0.875 | F9: =Table24[[#This Row],[PTS]]/Table24[[#This Row],[GP]] -> 1.5 | G9: =Table24[[#This Row],[PTS]]/Table24[[#This Row],[GP]]*Table24[[#This Row],[NHL_EQUIVALENT]] -> 0.405 | H9: CANADA | I9: #VALUE! | J9: 6'2" | K9: 172 | O9: Matthew Schaefer | P9: 1 | Q9: D | R9: 0.41176471 | S9: 0.88235294 | T9: 1.2941176 | U9: 0.38823529 | V9: CANADA | W9: 6'2" | X9: 183
A10: Jackson Smith | B10: 9 | C10: D | D10: =Table24[[#This Row],[G]]/Table24[[#This Row],[GP]] -> 0.16176471 | E10: =Table24[[#This Row],[A]]/Table24[[#This Row],[GP]] -> 0.63235294 | F10: =Table24[[#This Row],[PTS]]/Table24[[#This Row],[GP]] -> 0.79411765 | G10: =Table24[[#This Row],[PTS]]/Table24[[#This Row],[GP]]*Table24[[#This Row],[NHL_EQUIVALENT]] -> 0.23029412 | H10: CANADA | I10: #VALUE! | J10: 6'3" | K10: 190 | O10: Justin Carbonneau | P10: 16 | Q10: F | R10: 0.74193548 | S10: 0.69354839 | T10: 1.4354839 | U10: 0.38758065 | V10: CANADA | W10: 6'1" | X10: 192
A11: Jake O'Brien | B11: 10 | C11: F | D11: =Table24[[#This Row],[G]]/Table24[[#This Row],[GP]] -> 0.48484848 | E11: =Table24[[#This Row],[A]]/Table24[[#This Row],[GP]] -> 1 | F11: =Table24[[#This Row],[PTS]]/Table24[[#This Row],[GP]] -> 1.4848485 | G11: =Table24[[#This Row],[PTS]]/Table24[[#This Row],[GP]]*Table24[[#This Row],[NHL_EQUIVALENT]] -> 0.44545455 | H11: CANADA | I11: #VALUE! | J11: 6'2" | K11: 170 | O11: Brady Martin | P11: 15 | Q11: F | R11: 0.57894737 | S11: 0.68421053 | T11: 1.2631579 | U11: 0.37894737 | V11: CANADA | W11: 6'0" | X11: 174
A12: Radim Mrtka | B12: 11 | C12: D | D12: =Table24[[#This Row],[G]]/Table24[[#This Row],[GP]] -> 0.069767442 | E12: =Table24[[#This Row],[A]]/Table24[[#This Row],[GP]] -> 0.74418605 | F12: =Table24[[#This Row],[PTS]]/Table24[[#This Row],[GP]] -> 0.81395349 | G12: =Table24[[#This Row],[PTS]]/Table24[[#This Row],[GP]]*Table24[[#This Row],[NHL_EQUIVALENT]] -> 0.23604651 | H12: CZECHIA | I12: #VALUE! | J12: 6'6" | K12: 216 | O12: Cameron Schmidt | P12: 25 | Q12: F | R12: 0.6557377 | S12: 0.62295082 | T12: 1.2786885 | U12: 0.37081967 | V12: CANADA | W12: 5'7" | X12: 157
A13: Carter Bear | B13: 12 | C13: F | D13: =Table24[[#This Row],[G]]/Table24[[#This Row],[GP]] -> 0.71428571 | E13: =Table24[[#This Row],[A]]/Table24[[#This Row],[GP]] -> 0.75 | F13: =Table24[[#This Row],[PTS]]/Table24[[#This Row],[GP]] -> 1.4642857 | G13: =Table24[[#This Row],[PTS]]/Table24[[#This Row],[GP]]*Table24[[#This Row],[NHL_EQUIVALENT]] -> 0.42464286 | H13: CANADA | I13: #VALUE! | J13: 6'0" | K13: 176 | O13: Lynden Lakovic | P13: 14 | Q13: F | R13: 0.57446809 | S13: 0.65957447 | T13: 1.2340426 | U13: 0.35787234 | V13: CANADA | W13: 6'4" | X13: 190
... A26: Cameron Schmidt | B26: 25 | C26: F | D26: =Table24[[#This Row],[G]]/Table24[[#This Row],[GP]] -> 0.6557377 | E26: =Table24[[#This Row],[A]]/Table24[[#This Row],[GP]] -> 0.62295082 | F26: =Table24[[#This Row],[PTS]]/Table24[[#This Row],[GP]] -> 1.2786885 | G26: =Table24[[#This Row],[PTS]]/Table24[[#This Row],[GP]]*Table24[[#This Row],[NHL_EQUIVALENT]] -> 0.37081967 | H26: CANADA | I26: #VALUE! | J26: 5'7" | K26: 157 | O26: Logan Hensler | P26: 18 | Q26: D | R26: 0.0625 | S26: 0.3125 | T26: 0.375 | U26: 0.12 | V26: USA | W26: 6'2" | X26: 196

Sheet Sheet11
A1: PLAYER | B1: GPG | C1: NHLe | G1: PLAYER | H1: APG | I1: NHLe
A2: Michael Misa | B2: 0.95384615 | C2: 0.61846154 | G2: Michael Misa | H2: 1.1076923 | I2: 0.61846154
A3: Porter Martone | B3: 0.64912281 | C3: 0.51578947 | G3: Porter Martone | H3: 1.0701754 | I3: 0.51578947
A4: Jake O'Brien | B4: 0.48484848 | C4: 0.44545455 | G4: Jake O'Brien | H4: 1 | I4: 0.44545455
A5: Benjamin Kindel | B5: 0.53846154 | C5: 0.44169231 | G5: Benjamin Kindel | H5: 0.98461538 | I5: 0.44169231
A6: Cole Reschny | B6: 0.41935484 | C6: 0.43032258 | G6: Cole Reschny | H6: 1.0645161 | I6: 0.43032258
A7: Carter Bear | B7: 0.71428571 | C7: 0.42464286 | G7: Carter Bear | H7: 0.75 | I7: 0.42464286
A8: Caleb Desnoyers | B8: 0.625 | C8: 0.405 | G8: Caleb Desnoyers | H8: 0.875 | I8: 0.405
A9: Matthew Schaefer | B9: 0.41176471 | C9: 0.38823529 | G9: Matthew Schaefer | H9: 0.88235294 | I9: 0.38823529
A10: Justin Carbonneau | B10: 0.74193548 | C10: 0.38758065 | G10: Justin Carbonneau | H10: 0.69354839 | I10: 0.38758065
A11: Brady Martin | B11: 0.57894737 | C11: 0.37894737 | G11: Brady Martin | H11: 0.68421053 | I11: 0.37894737

Sheet top_100_prospects
A1: YEAR | B1: ROUND | C1: PLAYER | D1: RANKING | E1: POSITION | F1: TEAM | G1: LEAGUE | H1: NHL_EQUIVALENT | I1: GP | J1: G | K1: A | L1: PTS | M1: PIM | N1: GPG | O1: APG | P1: PTSPG | Q1: PIMPG | R1: WIN_PCT | S1: PIMPPTS | T1: PEN_EFFICIENCY | U1: NHLe | V1: GPTSRATIO | W1: APTSRATIO | X1: GAA | Y1: S_PCT | Z1: NATIONALITY | AA1: FLAG | AB1: PLAYER_W_POSITION | AC1: BIRTH_DATE | AD1: HEIGHT | AE1: WEIGHT | AF1: SHOOTS
A2: 2025 | C2: Matthew Schaefer | D2: 1 | E2: D | F2: Erie Otters | G2: OHL | H2: 0.3 | I2: 17 | J2: 7 | K2: 15 | L2: 22 | M2: 8 | N2: =Table2[[#This Row],[G]]/Table2[[#This Row],[GP]] -> 0.41176471 | O2: =Table2[[#This Row],[A]]/Table2[[#This Row],[GP]] -> 0.88235294 | P2: =Table2[[#This Row],[PTS]]/Table2[[#This Row],[GP]] -> 1.2941176 | Q2: =Table2[[#This Row],[PIM]]/Table2[[#This Row],[GP]] -> 0.47058824 | R2: =(Table2[[#This Row],[G]]^2)/(Table2[[#This Row],[G]]^2+Table2[[#This Row],[A]]^2) -> 0.17883212 | S2: =Table2[[#This Row],[PIM]]/Table2[[#This Row],[PTS]] -> 0.36363636 | T2: =Table2[[#This Row],[PTS]]/Table2[[#This Row],[PIM]] -> 2.75 | U2: =Table2[[#This Row],[PTS]]/Table2[[#This Row],[GP]]*Table2[[#This Row],[NHL_EQUIVALENT]] -> 0.38823529 | V2: =Table2[[#This Row],[G]]/Table2[[#This Row],[PTS]] -> 0.31818182 | W2: =Table2[[#This Row],[A]]/Table2[[#This Row],[PTS]] -> 0.68181818 | X2: 0 | Y2: 0 | Z2: CANADA | AA2: #VALUE! | AB2: Matthew Schaefer (D) | AC2: 39330 | AD2: 6'2" | AE2: 183 | AF2: L
A3: 2025 | C3: Michael Misa | D3: 2 | E3: F | F3: Saginaw Spirit | G3: OHL | H3: 0.3 | I3: 65 | J3: 62 | K3: 72 | L3: 134 | M3: 45 | N3: =Table2[[#This Row],[G]]/Table2[[#This Row],[GP]] -> 0.95384615 | O3: =Table2[[#This Row],[A]]/Table2[[#This Row],[GP]] -> 1.1076923 | P3: =Table2[[#This Row],[PTS]]/Table2[[#This Row],[GP]] -> 2.0615385 | Q3: =Table2[[#This Row],[PIM]]/Table2[[#This Row],[GP]] -> 0.69230769 | R3: =(Table2[[#This Row],[G]]^2)/(Table2[[#This Row],[G]]^2+Table2[[#This Row],[A]]^2) -> 0.42578644 | S3: =Table2[[#This Row],[PIM]]/Table2[[#This Row],[PTS]] -> 0.3358209 | T3: =Table2[[#This Row],[PTS]]/Table2[[#This Row],[PIM]] -> 2.9777778 | U3: =Table2[[#This Row],[PTS]]/Table2[[#This Row],[GP]]*Table2[[#This Row],[NHL_EQUIVALENT]] -> 0.61846154 | V3: =Table2[[#This Row],[G]]/Table2[[#This Row],[PTS]] -> 0.46268657 | W3: =Table2[[#This Row],[A]]/Table2[[#This Row],[PTS]] -> 0.53731343 | X3: 0 | Y3: 0 | Z3: CANADA | AA3: #VALUE! | AB3: Michael Misa (C/LW) | AC3: 39129 | AD3: 6'1" | AE3: 185 | AF3: L
A4: 2025 | C4: James Hagens | D4: 3 | E4: F | F4: Boston College | G4: NCAA | H4: 0.32 | I4: 37 | J4: 11 | K4: 26 | L4: 37 | M4: 24 | N4: =Table2[[#This Row],[G]]/Table2[[#This Row],[GP]] -> 0.2972973 | O4: =Table2[[#This Row],[A]]/Table2[[#This Row],[GP]] -> 0.7027027 | P4: =Table2[[#This Row],[PTS]]/Table2[[#This Row],[GP]] -> 1 | Q4: =Table2[[#This Row],[PIM]]/Table2[[#This Row],[GP]] -> 0.64864865 | R4: =(Table2[[#This Row],[G]]^2)/(Table2[[#This Row],[G]]^2+Table2[[#This Row],[A]]^2) -> 0.15181932 | S4: =Table2[[#This Row],[PIM]]/Table2[[#This Row],[PTS]] -> 0.64864865 | T4: =Table2[[#This Row],[PTS]]/Table2[[#This Row],[PIM]] -> 1.5416667 | U4: =Table2[[#This Row],[PTS]]/Table2[[#This Row],[GP]]*Table2[[#This Row],[NHL_EQUIVALENT]] -> 0.32 | V4: =Table2[[#This Row],[G]]/Table2[[#This Row],[PTS]] -> 0.2972973 | W4: =Table2[[#This Row],[A]]/Table2[[#This Row],[PTS]] -> 0.7027027 | X4: 0 | Y4: 0 | Z4: USA | AA4: #VALUE! | AB4: James Hagens (C) | AC4: 39024 | AD4: 5'11" | AE4: 176 | AF4: L
A5: 2025 | C5: Porter Martone | D5: 4 | E5: F | F5: Brampton Steelheads | G5: OHL | H5: 0.3 | I5: 57 | J5: 37 | K5: 61 | L5: 98 | M5: 74 | N5: =Table2[[#This Row],[G]]/Table2[[#This Row],[GP]] -> 0.64912281 | O5: =Table2[[#This Row],[A]]/Table2[[#This Row],[GP]] -> 1.0701754 | P5: =Table2[[#This Row],[PTS]]/Table2[[#This Row],[GP]] -> 1.7192982 | Q5: =Table2[[#This Row],[PIM]]/Table2[[#This Row],[GP]] -> 1.2982456 | R5: =(Table2[[#This Row],[G]]^2)/(Table2[[#This Row],[G]]^2+Table2[[#This Row],[A]]^2) -> 0.26895874 | S5: =Table2[[#This Row],[PIM]]/Table2[[#This Row],[PTS]] -> 0.75510204 | T5: =Table2[[#This Row],[PTS]]/Table2[[#This Row],[PIM]] -> 1.3243243 | U5: =Table2[[#This Row],[PTS]]/Table2[[#This Row],[GP]]*Table2[[#This Row],[NHL_EQUIVALENT]] -> 0.51578947 | V5: =Table2[[#This Row],[G]]/Table2[[#This Row],[PTS]] -> 0.37755102 | W5: =Table2[[#This Row],[A]]/Table2[[#This Row],[PTS]] -> 0.62244898 | X5: 0 | Y5: 0 | Z5: CANADA | AA5: #VALUE! | AB5: Porter Martone (RW) | AC5: 39016 | AD5: 6'3" | AE5: 207 | AF5: R
A6: 2025 | C6: Anton Frondell | D6: 5 | E6: F | F6: Djurgardens IF | G6: HockeyAllsvenskan | H6: 0.41 | I6: 29 | J6: 11 | K6: 14 | L6: 25 | M6: 16 | N6: =Table2[[#This Row],[G]]/Table2[[#This Row],[GP]] -> 0.37931034 | O6: =Table2[[#This Row],[A]]/Table2[[#This Row],[GP]] -> 0.48275862 | P6: =Table2[[#This Row],[PTS]]/Table2[[#This Row],[GP]] -> 0.86206897 | Q6: =Table2[[#This Row],[PIM]]/Table2[[#This Row],[GP]] -> 0.55172414 | R6: =(Table2[[#This Row],[G]]^2)/(Table2[[#This Row],[G]]^2+Table2[[#This Row],[A]]^2) -> 0.38170347 | S6: =Table2[[#This Row],[PIM]]/Table2[[#This Row],[PTS]] -> 0.64 | T6: =Table2[[#This Row],[PTS]]/Table2[[#This Row],[PIM]] -> 1.5625 | U6: =Table2[[#This Row],[PTS]]/Table2[[#This Row],[GP]]*Table2[[#This Row],[NHL_EQUIVALENT]] -> 0.35344828 | V6: =Table2[[#This Row],[G]]/Table2[[#This Row],[PTS]] -> 0.44 | W6: =Table2[[#This Row],[A]]/Table2[[#This Row],[PTS]] -> 0.56 | X6: 0 | Y6: 0 | Z6: SWEDEN | AA6: #VALUE! | AB6: Anton Frondell (C) | AC6: 39209 | AD6: 6'0" | AE6: 196 | AF6: L
A7: 2025 | C7: Roger McQueen | D7: 6 | E7: F | F7: Brandon Wheat Kings | G7: WHL | H7: 0.29 | I7: 17 | J7: 10 | K7: 10 | L7: 20 | M7: 40 | N7: =Table2[[#This Row],[G]]/Table2[[#This Row],[GP]] -> 0.58823529 | O7: =Table2[[#This Row],[A]]/Table2[[#This Row],[GP]] -> 0.58823529 | P7: =Table2[[#This Row],[PTS]]/Table2[[#This Row],[GP]] -> 1.1764706 | Q7: =Table2[[#This Row],[PIM]]/Table2[[#This Row],[GP]] -> 2.3529412 | R7: =(Table2[[#This Row],[G]]^2)/(Table2[[#This Row],[G]]^2+Table2[[#This Row],[A]]^2) -> 0.5 | S7: =Table2[[#This Row],[PIM]]/Table2[[#This Row],[PTS]] -> 2 | T7: =Table2[[#This Row],[PTS]]/Table2[[#This Row],[PIM]] -> 0.5 | U7: =Table2[[#This Row],[PTS]]/Table2[[#This Row],[GP]]*Table2[[#This Row],[NHL_EQUIVALENT]] -> 0.34117647 | V7: =Table2[[#This Row],[G]]/Table2[[#This Row],[PTS]] -> 0.5 | W7: =Table2[[#This Row],[A]]/Table2[[#This Row],[PTS]] -> 0.5 | X7: 0 | Y7: 0 | Z7: CANADA | AA7: #VALUE! | AB7: Roger McQueen (F) | AC7: 38992 | AD7: 6'5" | AE7: 192 | AF7: R
A8: 2025 | C8: Victor Eklund | D8: 7 | E8: F | F8: Djurgardens IF | G8: HockeyAllsvenskan | H8: 0.41 | I8: 42 | J8: 19 | K8: 12 | L8: 31 | M8: 37 | N8: =Table2[[#This Row],[G]]/Table2[[#This Row],[GP]] -> 0.45238095 | O8: =Table2[[#This Row],[A]]/Table2[[#This Row],[GP]] -> 0.28571429 | P8: =Table2[[#This Row],[PTS]]/Table2[[#This Row],[GP]] -> 0.73809524 | Q8: =Table2[[#This Row],[PIM]]/Table2[[#This Row],[GP]] -> 0.88095238 | R8: =(Table2[[#This Row],[G]]^2)/(Table2[[#This Row],[G]]^2+Table2[[#This Row],[A]]^2) -> 0.71485149 | S8: =Table2[[#This Row],[PIM]]/Table2[[#This Row],[PTS]] -> 1.1935484 | T8: =Table2[[#This Row],[PTS]]/Table2[[#This Row],[PIM]] -> 0.83783784 | U8: =Table2[[#This Row],[PTS]]/Table2[[#This Row],[GP]]*Table2[[#This Row],[NHL_EQUIVALENT]] -> 0.30261905 | V8: =Table2[[#This Row],[G]]/Table2[[#This Row],[PTS]] -> 0.61290323 | W8: =Table2[[#This Row],[A]]/Table2[[#This Row],[PTS]] -> 0.38709677 | X8: 0 | Y8: 0 | Z8: SWEDEN | AA8: #VALUE! | AB8: Victor Eklund (LW) | AC8: 38993 | AD8: 5'11" | AE8: 161 | AF8: R
A9: 2025 | C9: Caleb Desnoyers | D9: 8 | E9: F | F9: Moncton Wildcats | G9: QMJHL | H9: 0.27 | I9: 56 | J9: 35 | K9: 49 | L9: 84 | M9: 39 | N9: =Table2[[#This Row],[G]]/Table2[[#This Row],[GP]] -> 0.625 | O9: =Table2[[#This Row],[A]]/Table2[[#This Row],[GP]] -> 0.875 | P9: =Table2[[#This Row],[PTS]]/Table2[[#This Row],[GP]] -> 1.5 | Q9: =Table2[[#This Row],[PIM]]/Table2[[#This Row],[GP]] -> 0.69642857 | R9: =(Table2[[#This Row],[G]]^2)/(Table2[[#This Row],[G]]^2+Table2[[#This Row],[A]]^2) -> 0.33783784 | S9: =Table2[[#This Row],[PIM]]/Table2[[#This Row],[PTS]] -> 0.46428571 | T9: =Table2[[#This Row],[PTS]]/Table2[[#This Row],[PIM]] -> 2.1538462 | U9: =Table2[[#This Row],[PTS]]/Table2[[#This Row],[GP]]*Table2[[#This Row],[NHL_EQUIVALENT]] -> 0.405 | V9: =Table2[[#This Row],[G]]/Table2[[#This Row],[PTS]] -> 0.41666667 | W9: =Table2[[#This Row],[A]]/Table2[[#This Row],[PTS]] -> 0.58333333 | X9: 0 | Y9: 0 | Z9: CANADA | AA9: #VALUE! | AB9: Caleb Desnoyers (C) | AC9: 39183 | AD9: 6'2" | AE9: 172 | AF9: L
A10: 2025 | C10: Jackson Smith | D10: 9 | E10: D | F10: Tri-City Americans | G10: WHL | H10: 0.29 | I10: 68 | J10: 11 | K10: 43 | L10: 54 | M10: 48 | N10: =Table2[[#This Row],[G]]/Table2[[#This Row],[GP]] -> 0.16176471 | O10: =Table2[[#This Row],[A]]/Table2[[#This Row],[GP]] -> 0.63235294 | P10: =Table2[[#This Row],[PTS]]/Table2[[#This Row],[GP]] -> 0.79411765 | Q10: =Table2[[#This Row],[PIM]]/Table2[[#This Row],[GP]] -> 0.70588235 | R10: =(Table2[[#This Row],[G]]^2)/(Table2[[#This Row],[G]]^2+Table2[[#This Row],[A]]^2) -> 0.06142132 | S10: =Table2[[#This Row],[PIM]]/Table2[[#This Row],[PTS]] -> 0.88888889 | T10: =Table2[[#This Row],[PTS]]/Table2[[#This Row],[PIM]] -> 1.125 | U10: =Table2[[#This Row],[PTS]]/Table2[[#This Row],[GP]]*Table2[[#This Row],[NHL_EQUIVALENT]] -> 0.23029412 | V10: =Table2[[#This Row],[G]]/Table2[[#This Row],[PTS]] -> 0.2037037 | W10: =Table2[[#This Row],[A]]/Table2[[#This Row],[PTS]] -> 0.7962963 | X10: 0 | Y10: 0 | Z10: CANADA | AA10: #VALUE! | AB10: Jackson Smith (D) | AC10: 39215 | AD10: 6'3" | AE10: 190 | AF10: L
A11: 2025 | C11: Jake O'Brien | D11: 10 | E11: F | F11: Brantford Bulldogs | G11: OHL | H11: 0.3 | I11: 66 | J11: 32 | K11: 66 | L11: 98 | M11: 18 | N11: =Table2[[#This Row],[G]]/Table2[[#This Row],[GP]] -> 0.48484848 | O11: =Table2[[#This Row],[A]]/Table2[[#This Row],[GP]] -> 1 | P11: =Table2[[#This Row],[PTS]]/Table2[[#This Row],[GP]] -> 1.4848485 | Q11: =Table2[[#This Row],[PIM]]/Table2[[#This Row],[GP]] -> 0.27272727 | R11: =(Table2[[#This Row],[G]]^2)/(Table2[[#This Row],[G]]^2+Table2[[#This Row],[A]]^2) -> 0.19033457 | S11: =Table2[[#This Row],[PIM]]/Table2[[#This Row],[PTS]] -> 0.18367347 | T11: =Table2[[#This Row],[PTS]]/Table2[[#This Row],[PIM]] -> 5.4444444 | U11: =Table2[[#This Row],[PTS]]/Table2[[#This Row],[GP]]*Table2[[#This Row],[NHL_EQUIVALENT]] -> 0.44545455 | V11: =Table2[[#This Row],[G]]/Table2[[#This Row],[PTS]] -> 0.32653061 | W11: =Table2[[#This Row],[A]]/Table2[[#This Row],[PTS]] -> 0.67346939 | X11: 0 | Y11: 0 | Z11: CANADA | AA11: #VALUE! | AB11: Jake O'Brien (C) | AC11: 39249 | AD11: 6'2" | AE11: 170 | AF11: R
A12: 2025 | C12: Radim Mrtka | D12: 11 | E12: D | F12: Seattle Thunderbirds | G12: WHL | H12: 0.29 | I12: 43 | J12: 3 | K12: 32 | L12: 35 | M12: 46 | N12: =Table2[[#This Row],[G]]/Table2[[#This Row],[GP]] -> 0.069767442 | O12: =Table2[[#This Row],[A]]/Table2[[#This Row],[GP]] -> 0.74418605 | P12: =Table2[[#This Row],[PTS]]/Table2[[#This Row],[GP]] -> 0.81395349 | Q12: =Table2[[#This Row],[PIM]]/Table2[[#This Row],[GP]] -> 1.0697674 | R12: =(Table2[[#This Row],[G]]^2)/(Table2[[#This Row],[G]]^2+Table2[[#This Row],[A]]^2) -> 0.0087124879 | S12: =Table2[[#This Row],[PIM]]/Table2[[#This Row],[PTS]] -> 1.3142857 | T12: =Table2[[#This Row],[PTS]]/Table2[[#This Row],[PIM]] -> 0.76086957 | U12: =Table2[[#This Row],[PTS]]/Table2[[#This Row],[GP]]*Table2[[#This Row],[NHL_EQUIVALENT]] -> 0.23604651 | V12: =Table2[[#This Row],[G]]/Table2[[#This Row],[PTS]] -> 0.085714286 | W12: =Table2[[#This Row],[A]]/Table2[[#This Row],[PTS]] -> 0.91428571 | X12: 0 | Y12: 0 | Z12: CZECHIA | AA12: #VALUE! | AB12: Radim Mrtka (D) | AC12: 39242 | AD12: 6'6" | AE12: 216 | AF12: R
A13: 2025 | C13: Carter Bear | D13: 12 | E13: F | F13: Everett Silvertips | G13: WHL | H13: 0.29 | I13: 56 | J13: 40 | K13: 42 | L13: 82 | M13: 77 | N13: =Table2[[#This Row],[G]]/Table2[[#This Row],[GP]] -> 0.71428571 | O13: =Table2[[#This Row],[A]]/Table2[[#This Row],[GP]] -> 0.75 | P13: =Table2[[#This Row],[PTS]]/Table2[[#This Row],[GP]] -> 1.4642857 | Q13: =Table2[[#This Row],[PIM]]/Table2[[#This Row],[GP]] -> 1.375 | R13: =(Table2[[#This Row],[G]]^2)/(Table2[[#This Row],[G]]^2+Table2[[#This Row],[A]]^2) -> 0.47562426 | S13: =Table2[[#This Row],[PIM]]/Table2[[#This Row],[PTS]] -> 0.93902439 | T13: =Table2[[#This Row],[PTS]]/Table2[[#This Row],[PIM]] -> 1.0649351 | U13: =Table2[[#This Row],[PTS]]/Table2[[#This Row],[GP]]*Table2[[#This Row],[NHL_EQUIVALENT]] -> 0.42464286 | V13: =Table2[[#This Row],[G]]/Table2[[#This Row],[PTS]] -> 0.48780488 | W13: =Table2[[#This Row],[A]]/Table2[[#This Row],[PTS]] -> 0.51219512 | X13: 0 | Y13: 0 | Z13: CANADA | AA13: #VALUE! | AB13: Carter Bear (C/LW) | AC13: 39025 | AD13: 6'0" | AE13: 176 | AF13: L
... A32: 2025 | C32: Jack Murtagh | D32: 31 | E32: F | F32: U.S. National U18 Team | G32: NTDP | H32: 0.28 | I32: 56 | J32: 22 | K32: 31 | L32: 53 | M32: 36 | N32: =Table2[[#This Row],[G]]/Table2[[#This Row],[GP]] -> 0.39285714 | O32: =Table2[[#This Row],[A]]/Table2[[#This Row],[GP]] -> 0.55357143 | P32: =Table2[[#This Row],[PTS]]/Table2[[#This Row],[GP]] -> 0.94642857 | Q32: =Table2[[#This Row],[PIM]]/Table2[[#This Row],[GP]] -> 0.64285714 | R32: =(Table2[[#This Row],[G]]^2)/(Table2[[#This Row],[G]]^2+Table2[[#This Row],[A]]^2) -> 0.3349481 | S32: =Table2[[#This Row],[PIM]]/Table2[[#This Row],[PTS]] -> 0.67924528 | T32: =Table2[[#This Row],[PTS]]/Table2[[#This Row],[PIM]] -> 1.4722222 | U32: =Table2[[#This Row],[PTS]]/Table2[[#This Row],[GP]]*Table2[[#This Row],[NHL_EQUIVALENT]] -> 0.265 | V32: =Table2[[#This Row],[G]]/Table2[[#This Row],[PTS]] -> 0.41509434 | W32: =Table2[[#This Row],[A]]/Table2[[#This Row],[PTS]] -> 0.58490566 | X32: 0 | Y32: 0 | Z32: USA | AA32: #VALUE! | AB32: Jack Murtagh (C/LW) | AC32: 39316 | AD32: 6'1" | AE32: 198 | AF32: L
A33: 2025 | C33: Joshua Ravensbergen | D33: 32 | E33: G | F33: Prince George Cougars | G33: WHL | H33: 0.29 | I33: 51 | J33: 0 | K33: 0 | L33: 0 | M33: 0 | N33: =Table2[[#This Row],[G]]/Table2[[#This Row],[GP]] -> 0 | O33: =Table2[[#This Row],[A]]/Table2[[#This Row],[GP]] -> 0 | P33: =Table2[[#This Row],[PTS]]/Table2[[#This Row],[GP]] -> 0 | Q33: =Table2[[#This Row],[PIM]]/Table2[[#This Row],[GP]] -> 0 | R33: 0 | S33: 0 | T33: 0 | U33: =Table2[[#This Row],[PTS]]/Table2[[#This Row],[GP]]*Table2[[#This Row],[NHL_EQUIVALENT]] -> 0 | V33: 0 | W33: 0 | X33: 3 | Y33: 0.901 | Z33: CANADA | AA33: #VALUE! | AB33: Joshua Ravensbergen (G) | AC33: 39048 | AD33: 6'5" | AE33: 192 | AF33: R
A34: 2025 | C34: Jack Nesbitt | D34: 33 | E34: F | F34: Windsor Spitfires | G34: OHL | H34: 0.3 | I34: 65 | J34: 25 | K34: 39 | L34: 64 | M34: 74 | N34: =Table2[[#This Row],[G]]/Table2[[#This Row],[GP]] -> 0.38461538 | O34: =Table2[[#This Row],[A]]/Table2[[#This Row],[GP]] -> 0.6 | P34: =Table2[[#This Row],[PTS]]/Table2[[#This Row],[GP]] -> 0.98461538 | Q34: =Table2[[#This Row],[PIM]]/Table2[[#This Row],[GP]] -> 1.1384615 | R34: =(Table2[[#This Row],[G]]^2)/(Table2[[#This Row],[G]]^2+Table2[[#This Row],[A]]^2) -> 0.29123952 | S34: =Table2[[#This Row],[PIM]]/Table2[[#This Row],[PTS]] -> 1.15625 | T34: =Table2[[#This Row],[PTS]]/Table2[[#This Row],[PIM]] -> 0.86486486 | U34: =Table2[[#This Row],[PTS]]/Table2[[#This Row],[GP]]*Table2[[#This Row],[NHL_EQUIVALENT]] -> 0.29538462 | V34: =Table2[[#This Row],[G]]/Table2[[#This Row],[PTS]] -> 0.390625 | W34: =Table2[[#This Row],[A]]/Table2[[#This Row],[PTS]] -> 0.609375 | X34: 0 | Y34: 0 | Z34: CANADA | AA34: #VALUE! | AB34: Jack Nesbitt (C) | AC34: 39094 | AD34: 6'4" | AE34: 183 | AF34: L
A35: 2025 | C35: Shane Vansaghi | D35: 34 | E35: F | F35: Michigan State Univ. | G35: NCAA | H35: 0.32 | I35: 37 | J35: 6 | K35: 10 | L35: 16 | M35: 30 | N35: =Table2[[#This Row],[G]]/Table2[[#This Row],[GP]] -> 0.16216216 | O35: =Table2[[#This Row],[A]]/Table2[[#This Row],[GP]] -> 0.27027027 | P35: =Table2[[#This Row],[PTS]]/Table2[[#This Row],[GP]] -> 0.43243243 | Q35: =Table2[[#This Row],[PIM]]/Table2[[#This Row],[GP]] -> 0.81081081 | R35: =(Table2[[#This Row],[G]]^2)/(Table2[[#This Row],[G]]^2+Table2[[#This Row],[A]]^2) -> 0.26470588 | S35: =Table2[[#This Row],[PIM]]/Table2[[#This Row],[PTS]] -> 1.875 | T35: =Table2[[#This Row],[PTS]]/Table2[[#This Row],[PIM]] -> 0.53333333 | U35: =Table2[[#This Row],[PTS]]/Table2[[#This Row],[GP]]*Table2[[#This Row],[NHL_EQUIVALENT]] -> 0.13837838 | V35: =Table2[[#This Row],[G]]/Table2[[#This Row],[PTS]] -> 0.375 | W35: =Table2[[#This Row],[A]]/Table2[[#This Row],[PTS]] -> 0.625 | X35: 0 | Y35: 0 | Z35: USA | AA35: #VALUE! | AB35: Shane Vansaghi (RW) | AC35: 39001 | AD35: 6'2" | AE35: 216 | AF35: R
A36: 2025 | C36: Cole McKinney | D36: 35 | E36: F | F36: U.S. National U18 Team | G36: NTDP | H36: 0.28 | I36: 60 | J36: 27 | K36: 34 | L36: 61 | M36: 61 | N36: =Table2[[#This Row],[G]]/Table2[[#This Row],[GP]] -> 0.45 | O36: =Table2[[#This Row],[A]]/Table2[[#This Row],[GP]] -> 0.56666667 | P36: =Table2[[#This Row],[PTS]]/Table2[[#This Row],[GP]] -> 1.0166667 | Q36: =Table2[[#This Row],[PIM]]/Table2[[#This Row],[GP]] -> 1.0166667 | R36: =(Table2[[#This Row],[G]]^2)/(Table2[[#This Row],[G]]^2+Table2[[#This Row],[A]]^2) -> 0.3867374 | S36: =Table2[[#This Row],[PIM]]/Table2[[#This Row],[PTS]] -> 1 | T36: =Table2[[#This Row],[PTS]]/Table2[[#This Row],[PIM]] -> 1 | U36: =Table2[[#This Row],[PTS]]/Table2[[#This Row],[GP]]*Table2[[#This Row],[NHL_EQUIVALENT]] -> 0.28466667 | V36: =Table2[[#This Row],[G]]/Table2[[#This Row],[PTS]] -> 0.44262295 | W36: =Table2[[#This Row],[A]]/Table2[[#This Row],[PTS]] -> 0.55737705 | X36: 0 | Y36: 0 | Z36: USA | AA36: #VALUE! | AB36: Cole McKinney (C) | AC36: 39157 | AD36: 6'0" | AE36: 198 | AF36: R
A37: 2025 | C37: Jakob Ihs-Wozniak | D37: 36 | E37: F | F37: Lulea HF J20 | G37: J20 Nationell | H37: 0.27 | I37: 40 | J37: 23 | K37: 34 | L37: 57 | M37: 18 | N37: =Table2[[#This Row],[G]]/Table2[[#This Row],[GP]] -> 0.575 | O37: =Table2[[#This Row],[A]]/Table2[[#This Row],[GP]] -> 0.85 | P37: =Table2[[#This Row],[PTS]]/Table2[[#This Row],[GP]] -> 1.425 | Q37: =Table2[[#This Row],[PIM]]/Table2[[#This Row],[GP]] -> 0.45 | R37: =(Table2[[#This Row],[G]]^2)/(Table2[[#This Row],[G]]^2+Table2[[#This Row],[A]]^2) -> 0.31394659 | S37: =Table2[[#This Row],[PIM]]/Table2[[#This Row],[PTS]] -> 0.31578947 | T37: =Table2[[#This Row],[PTS]]/Table2[[#This Row],[PIM]] -> 3.1666667 | U37: =Table2[[#This Row],[PTS]]/Table2[[#This Row],[GP]]*Table2[[#This Row],[NHL_EQUIVALENT]] -> 0.38475 | V37: =Table2[[#This Row],[G]]/Table2[[#This Row],[PTS]] -> 0.40350877 | W37: =Table2[[#This Row],[A]]/Table2[[#This Row],[PTS]] -> 0.59649123 | X37: 0 | Y37: 0 | Z37: SWEDEN | AA37: #VALUE! | AB37: Jakob Ihs-Wozniak (RW) | AC37: 39114 | AD37: 6'3" | AE37: 185 | AF37: R
A38: 2025 | C38: Eric Nilson | D38: 37 | E38: F | F38: Djurgardens IF J20 | G38: J20 Nationell | H38: 0.27 | I38: 37 | J38: 12 | K38: 26 | L38: 38 | M38: 56 | N38: =Table2[[#This Row],[G]]/Table2[[#This Row],[GP]] -> 0.32432432 | O38: =Table2[[#This Row],[A]]/Table2[[#This Row],[GP]] -> 0.7027027 | P38: =Table2[[#This Row],[PTS]]/Table2[[#This Row],[GP]] -> 1.027027 | Q38: =Table2[[#This Row],[PIM]]/Table2[[#This Row],[GP]] -> 1.5135135 | R38: =(Table2[[#This Row],[G]]^2)/(Table2[[#This Row],[G]]^2+Table2[[#This Row],[A]]^2) -> 0.17560976 | S38: =Table2[[#This Row],[PIM]]/Table2[[#This Row],[PTS]] -> 1.4736842 | T38: =Table2[[#This Row],[PTS]]/Table2[[#This Row],[PIM]] -> 0.67857143 | U38: =Table2[[#This Row],[PTS]]/Table2[[#This Row],[GP]]*Table2[[#This Row],[NHL_EQUIVALENT]] -> 0.2772973 | V38: =Table2[[#This Row],[G]]/Table2[[#This Row],[PTS]] -> 0.31578947 | W38: =Table2[[#This Row],[A]]/Table2[[#This Row],[PTS]] -> 0.68421053 | X38: 0 | Y38: 0 | Z38: SWEDEN | AA38: #VALUE! | AB38: Eric Nilson (C) | AC38: 39213 | AD38: 6'0" | AE38: 154 | AF38: R
A39: 2025 | C39: Ryker Lee | D39: 38 | E39: F | F39: Madison Capitols | G39: USHL | H39: 0.27 | I39: 58 | J39: 31 | K39: 37 | L39: 68 | M39: 18 | N39: =Table2[[#This Row],[G]]/Table2[[#This Row],[GP]] -> 0.53448276 | O39: =Table2[[#This Row],[A]]/Table2[[#This Row],[GP]] -> 0.63793103 | P39: =Table2[[#This Row],[PTS]]/Table2[[#This Row],[GP]] -> 1.1724138 | Q39: =Table2[[#This Row],[PIM]]/Table2[[#This Row],[GP]] -> 0.31034483 | R39: =(Table2[[#This Row],[G]]^2)/(Table2[[#This Row],[G]]^2+Table2[[#This Row],[A]]^2) -> 0.41244635 | S39: =Table2[[#This Row],[PIM]]/Table2[[#This Row],[PTS]] -> 0.26470588 | T39: =Table2[[#This Row],[PTS]]/Table2[[#This Row],[PIM]] -> 3.7777778 | U39: =Table2[[#This Row],[PTS]]/Table2[[#This Row],[GP]]*Table2[[#This Row],[NHL_EQUIVALENT]] -> 0.31655172 | V39: =Table2[[#This Row],[G]]/Table2[[#This Row],[PTS]] -> 0.45588235 | W39: =Table2[[#This Row],[A]]/Table2[[#This Row],[PTS]] -> 0.54411765 | X39: 0 | Y39: 0 | Z39: USA | AA39: #VALUE! | AB39: Ryker Lee (F) | AC39: 39029 | AD39: 6'0" | AE39: 181 | AF39: R
A40: 2025 | C40: Benjamin Kevan | D40: 39 | E40: F | F40: Des Moines Buccaneers | G40: USHL | H40: 0.27 | I40: 51 | J40: 13 | K40: 30 | L40: 43 | M40: 43 | N40: =Table2[[#This Row],[G]]/Table2[[#This Row],[GP]] -> 0.25490196 | O40: =Table2[[#This Row],[A]]/Table2[[#This Row],[GP]] -> 0.58823529 | P40: =Table2[[#This Row],[PTS]]/Table2[[#This Row],[GP]] -> 0.84313725 | Q40: =Table2[[#This Row],[PIM]]/Table2[[#This Row],[GP]] -> 0.84313725 | R40: =(Table2[[#This Row],[G]]^2)/(Table2[[#This Row],[G]]^2+Table2[[#This Row],[A]]^2) -> 0.15809167 | S40: =Table2[[#This Row],[PIM]]/Table2[[#This Row],[PTS]] -> 1 | T40: =Table2[[#This Row],[PTS]]/Table2[[#This Row],[PIM]] -> 1 | U40: =Table2[[#This Row],[PTS]]/Table2[[#This Row],[GP]]*Table2[[#This Row],[NHL_EQUIVALENT]] -> 0.22764706 | V40: =Table2[[#This Row],[G]]/Table2[[#This Row],[PTS]] -> 0.30232558 | W40: =Table2[[#This Row],[A]]/Table2[[#This Row],[PTS]] -> 0.69767442 | X40: 0 | Y40: 0 | Z40: USA | AA40: #VALUE! | AB40: Benjamin Kevan (F) | AC40: 39085 | AD40: 6'0" | AE40: 183 | AF40: R
A41: 2025 | C41: Adam Benak | D41: 40 | E41: F | F41: Youngstown Phantoms | G41: USHL | H41: 0.27 | I41: 56 | J41: 17 | K41: 42 | L41: 59 | M41: 36 | N41: =Table2[[#This Row],[G]]/Table2[[#This Row],[GP]] -> 0.30357143 | O41: =Table2[[#This Row],[A]]/Table2[[#This Row],[GP]] -> 0.75 | P41: =Table2[[#This Row],[PTS]]/Table2[[#This Row],[GP]] -> 1.0535714 | Q41: =Table2[[#This Row],[PIM]]/Table2[[#This Row],[GP]] -> 0.64285714 | R41: =(Table2[[#This Row],[G]]^2)/(Table2[[#This Row],[G]]^2+Table2[[#This Row],[A]]^2) -> 0.14076961 | S41: =Table2[[#This Row],[PIM]]/Table2[[#This Row],[PTS]] -> 0.61016949 | T41: =Table2[[#This Row],[PTS]]/Table2[[#This Row],[PIM]] -> 1.6388889 | U41: =Table2[[#This Row],[PTS]]/Table2[[#This Row],[GP]]*Table2[[#This Row],[NHL_EQUIVALENT]] -> 0.28446429 | V41: =Table2[[#This Row],[G]]/Table2[[#This Row],[PTS]] -> 0.28813559 | W41: =Table2[[#This Row],[A]]/Table2[[#This Row],[PTS]] -> 0.71186441 | X41: 0 | Y41: 0 | Z41: CZECHIA | AA41: #VALUE! | AB41: Adam Benák (C) | AC41: 39182 | AD41: 5'7" | AE41: 161 | AF41: L
A42: 2025 | C42: Kurban Limatov | D42: 41 | E42: D | F42: MHK Dynamo Moskva | G42: MHL | H42: 0.2 | I42: 46 | J42: 8 | K42: 15 | L42: 23 | M42: 44 | N42: =Table2[[#This Row],[G]]/Table2[[#This Row],[GP]] -> 0.17391304 | O42: =Table2[[#This Row],[A]]/Table2[[#This Row],[GP]] -> 0.32608696 | P42: =Table2[[#This Row],[PTS]]/Table2[[#This Row],[GP]] -> 0.5 | Q42: =Table2[[#This Row],[PIM]]/Table2[[#This Row],[GP]] -> 0.95652174 | R42: =(Table2[[#This Row],[G]]^2)/(Table2[[#This Row],[G]]^2+Table2[[#This Row],[A]]^2) -> 0.22145329 | S42: =Table2[[#This Row],[PIM]]/Table2[[#This Row],[PTS]] -> 1.9130435 | T42: =Table2[[#This Row],[PTS]]/Table2[[#This Row],[PIM]] -> 0.52272727 | U42: =Table2[[#This Row],[PTS]]/Table2[[#This Row],[GP]]*Table2[[#This Row],[NHL_EQUIVALENT]] -> 0.1 | V42: =Table2[[#This Row],[G]]/Table2[[#This Row],[PTS]] -> 0.34782609 | W42: =Table2[[#This Row],[A]]/Table2[[#This Row],[PTS]] -> 0.65217391 | X42: 0 | Y42: 0 | Z42: RUSSIA | AA42: #VALUE! | AB42: Kurban Limatov (D) | AC42: 39161 | AD42: 6'3" | AE42: 198 | AF42: L
A43: 2025 | C43: Nathan Behm | D43: 42 | E43: F | F43: Kamloops Blazers | G43: WHL | H43: 0.29 | I43: 59 | J43: 31 | K43: 35 | L43: 66 | M43: 12 | N43: =Table2[[#This Row],[G]]/Table2[[#This Row],[GP]] -> 0.52542373 | O43: =Table2[[#This Row],[A]]/Table2[[#This Row],[GP]] -> 0.59322034 | P43: =Table2[[#This Row],[PTS]]/Table2[[#This Row],[GP]] -> 1.1186441 | Q43: =Table2[[#This Row],[PIM]]/Table2[[#This Row],[GP]] -> 0.20338983 | R43: =(Table2[[#This Row],[G]]^2)/(Table2[[#This Row],[G]]^2+Table2[[#This Row],[A]]^2) -> 0.43961574 | S43: =Table2[[#This Row],[PIM]]/Table2[[#This Row],[PTS]] -> 0.18181818 | T43: =Table2[[#This Row],[PTS]]/Table2[[#This Row],[PIM]] -> 5.5 | U43: =Table2[[#This Row],[PTS]]/Table2[[#This Row],[GP]]*Table2[[#This Row],[NHL_EQUIVALENT]] -> 0.32440678 | V43: =Table2[[#This Row],[G]]/Table2[[#This Row],[PTS]] -> 0.46969697 | W43: =Table2[[#This Row],[A]]/Table2[[#This Row],[PTS]] -> 0.53030303 | X43: 0 | Y43: 0 | Z43: CANADA | AA43: #VALUE! | AB43: Nathan Behm (LW/RW) | AC43: 39190 | AD43: 6'2" | AE43: 198 | AF43: R
A44: 2025 | C44: William Horcoff | D44: 43 | E44: F | F44: U.S. National U18 Team | G44: NTDP | H44: 0.28 | I44: 28 | J44: 8 | K44: 6 | L44: 14 | M44: 34 | N44: =Table2[[#This Row],[G]]/Table2[[#This Row],[GP]] -> 0.28571429 | O44: =Table2[[#This Row],[A]]/Table2[[#This Row],[GP]] -> 0.21428571 | P44: =Table2[[#This Row],[PTS]]/Table2[[#This Row],[GP]] -> 0.5 | Q44: =Table2[[#This Row],[PIM]]/Table2[[#This Row],[GP]] -> 1.2142857 | R44: =(Table2[[#This Row],[G]]^2)/(Table2[[#This Row],[G]]^2+Table2[[#This Row],[A]]^2) -> 0.64 | S44: =Table2[[#This Row],[PIM]]/Table2[[#This Row],[PTS]] -> 2.4285714 | T44: =Table2[[#This Row],[PTS]]/Table2[[#This Row],[PIM]] -> 0.41176471 | U44: =Table2[[#This Row],[PTS]]/Table2[[#This Row],[GP]]*Table2[[#This Row],[NHL_EQUIVALENT]] -> 0.14 | V44: =Table2[[#This Row],[G]]/Table2[[#This Row],[PTS]] -> 0.57142857 | W44: =Table2[[#This Row],[A]]/Table2[[#This Row],[PTS]] -> 0.42857143 | X44: 0 | Y44: 0 | Z44: USA | AA44: #VALUE! | AB44: William Horcoff (C) | AC44: 39105 | AD44: 6'4" | AE44: 181 | AF44: L
A45: 2025 | C45: Henry Brzustewicz | D45: 44 | E45: D | F45: London Knights | G45: OHL | H45: 0.3 | I45: 67 | J45: 10 | K45: 32 | L45: 42 | M45: 77 | N45: =Table2[[#This Row],[G]]/Table2[[#This Row],[GP]] -> 0.14925373 | O45: =Table2[[#This Row],[A]]/Table2[[#This Row],[GP]] -> 0.47761194 | P45: =Table2[[#This Row],[PTS]]/Table2[[#This Row],[GP]] -> 0.62686567 | Q45: =Table2[[#This Row],[PIM]]/Table2[[#This Row],[GP]] -> 1.1492537 | R45: =(Table2[[#This Row],[G]]^2)/(Table2[[#This Row],[G]]^2+Table2[[#This Row],[A]]^2) -> 0.088967972 | S45: =Table2[[#This Row],[PIM]]/Table2[[#This Row],[PTS]] -> 1.8333333 | T45: =Table2[[#This Row],[PTS]]/Table2[[#This Row],[PIM]] -> 0.54545455 | U45: =Table2[[#This Row],[PTS]]/Table2[[#This Row],[GP]]*Table2[[#This Row],[NHL_EQUIVALENT]] -> 0.1880597 | V45: =Table2[[#This Row],[G]]/Table2[[#This Row],[PTS]] -> 0.23809524 | W45: =Table2[[#This Row],[A]]/Table2[[#This Row],[PTS]] -> 0.76190476 | X45: 0 | Y45: 0 | Z45: USA | AA45: #VALUE! | AB45: Henry Brzustewicz (D) | AC45: 39122 | AD45: 6'1" | AE45: 194 | AF45: R
... A50: 2025 | C50: Conrad Fondrk | D50: 49 | E50: F | F50: U.S. National U18 Team | G50: NTDP | H50: 0.28 | I50: 40 | J50: 13 | K50: 14 | L50: 27 | M50: 6 | N50: =Table2[[#This Row],[G]]/Table2[[#This Row],[GP]] -> 0.325 | O50: =Table2[[#This Row],[A]]/Table2[[#This Row],[GP]] -> 0.35 | P50: =Table2[[#This Row],[PTS]]/Table2[[#This Row],[GP]] -> 0.675 | Q50: =Table2[[#This Row],[PIM]]/Table2[[#This Row],[GP]] -> 0.15 | R50: =(Table2[[#This Row],[G]]^2)/(Table2[[#This Row],[G]]^2+Table2[[#This Row],[A]]^2) -> 0.4630137 | S50: =Table2[[#This Row],[PIM]]/Table2[[#This Row],[PTS]] -> 0.22222222 | T50: =Table2[[#This Row],[PTS]]/Table2[[#This Row],[PIM]] -> 4.5 | U50: =Table2[[#This Row],[PTS]]/Table2[[#This Row],[GP]]*Table2[[#This Row],[NHL_EQUIVALENT]] -> 0.189 | V50: =Table2[[#This Row],[G]]/Table2[[#This Row],[PTS]] -> 0.48148148 | W50: =Table2[[#This Row],[A]]/Table2[[#This Row],[PTS]] -> 0.51851852 | X50: 0 | Y50: 0 | Z50: USA | AA50: #VALUE! | AB50: Conrad Fondrk (C) | AC50: 39234 | AD50: 6'0" | AE50: 192 | AF50: L
A51: 2025 | C51: Jack Ivankovic | D51: 50 | E51: G | F51: Brampton Steelheads | G51: OHL | H51: 0.3 | I51: 43 | J51: 0 | K51: 0 | L51: 0 | M51: 0 | N51: =Table2[[#This Row],[G]]/Table2[[#This Row],[GP]] -> 0 | O51: =Table2[[#This Row],[A]]/Table2[[#This Row],[GP]] -> 0 | P51: =Table2[[#This Row],[PTS]]/Table2[[#This Row],[GP]] -> 0 | Q51: =Table2[[#This Row],[PIM]]/Table2[[#This Row],[GP]] -> 0 | R51: 0 | S51: 0 | T51: 0 | U51: =Table2[[#This Row],[PTS]]/Table2[[#This Row],[GP]]*Table2[[#This Row],[NHL_EQUIVALENT]] -> 0 | V51: 0 | W51: 0 | X51: 3.05 | Y51: 0.903 | Z51: CANADA | AA51: #VALUE! | AB51: Jack Ivankovic (G) | AC51: 39224 | AD51: 6'0" | AE51: 179 | AF51: L
A52: 2025 | C52: Haoxi Wang | D52: 51 | E52: D | F52: Oshawa Generals | G52: OHL | H52: 0.3 | I52: 32 | J52: 0 | K52: 2 | L52: 2 | M52: 19 | N52: =Table2[[#This Row],[G]]/Table2[[#This Row],[GP]] -> 0 | O52: =Table2[[#This Row],[A]]/Table2[[#This Row],[GP]] -> 0.0625 | P52: =Table2[[#This Row],[PTS]]/Table2[[#This Row],[GP]] -> 0.0625 | Q52: =Table2[[#This Row],[PIM]]/Table2[[#This Row],[GP]] -> 0.59375 | R52: =(Table2[[#This Row],[G]]^2)/(Table2[[#This Row],[G]]^2+Table2[[#This Row],[A]]^2) -> 0 | S52: =Table2[[#This Row],[PIM]]/Table2[[#This Row],[PTS]] -> 9.5 | T52: =Table2[[#This Row],[PTS]]/Table2[[#This Row],[PIM]] -> 0.10526316 | U52: =Table2[[#This Row],[PTS]]/Table2[[#This Row],[GP]]*Table2[[#This Row],[NHL_EQUIVALENT]] -> 0.01875 | V52: =Table2[[#This Row],[G]]/Table2[[#This Row],[PTS]] -> 0 | W52: =Table2[[#This Row],[A]]/Table2[[#This Row],[PTS]] -> 1 | X52: 0 | Y52: 0 | Z52: CHINA | AA52: #VALUE! | AB52: Haoxi Wang (D) | AC52: 39290 | AD52: 6'6" | AE52: 209 | AF52: L
A53: 2025 | C53: Luca Romano | D53: 52 | E53: F | F53: Kitchener Rangers | G53: OHL | H53: 0.3 | I53: 67 | J53: 25 | K53: 26 | L53: 51 | M53: 22 | N53: =Table2[[#This Row],[G]]/Table2[[#This Row],[GP]] -> 0.37313433 | O53: =Table2[[#This Row],[A]]/Table2[[#This Row],[GP]] -> 0.3880597 | P53: =Table2[[#This Row],[PTS]]/Table2[[#This Row],[GP]] -> 0.76119403 | Q53: =Table2[[#This Row],[PIM]]/Table2[[#This Row],[GP]] -> 0.32835821 | R53: =(Table2[[#This Row],[G]]^2)/(Table2[[#This Row],[G]]^2+Table2[[#This Row],[A]]^2) -> 0.48039969 | S53: =Table2[[#This Row],[PIM]]/Table2[[#This Row],[PTS]] -> 0.43137255 | T53: =Table2[[#This Row],[PTS]]/Table2[[#This Row],[PIM]] -> 2.3181818 | U53: =Table2[[#This Row],[PTS]]/Table2[[#This Row],[GP]]*Table2[[#This Row],[NHL_EQUIVALENT]] -> 0.22835821 | V53: =Table2[[#This Row],[G]]/Table2[[#This Row],[PTS]] -> 0.49019608 | W53: =Table2[[#This Row],[A]]/Table2[[#This Row],[PTS]] -> 0.50980392 | X53: 0 | Y53: 0 | Z53: CANADA | AA53: #VALUE! | AB53: Luca Romano (C) | AC53: 39258 | AD53: 5'11" | AE53: 168 | AF53: R
A54: 2025 | C54: Vaclav Nestrasil | D54: 53 | E54: F | F54: Muskegon Lumberjacks | G54: USHL | H54: 0.27 | I54: 61 | J54: 19 | K54: 23 | L54: 42 | M54: 51 | N54: =Table2[[#This Row],[G]]/Table2[[#This Row],[GP]] -> 0.31147541 | O54: =Table2[[#This Row],[A]]/Table2[[#This Row],[GP]] -> 0.37704918 | P54: =Table2[[#This Row],[PTS]]/Table2[[#This Row],[GP]] -> 0.68852459 | Q54: =Table2[[#This Row],[PIM]]/Table2[[#This Row],[GP]] -> 0.83606557 | R54: =(Table2[[#This Row],[G]]^2)/(Table2[[#This Row],[G]]^2+Table2[[#This Row],[A]]^2) -> 0.40561798 | S54: =Table2[[#This Row],[PIM]]/Table2[[#This Row],[PTS]] -> 1.2142857 | T54: =Table2[[#This Row],[PTS]]/Table2[[#This Row],[PIM]] -> 0.82352941 | U54: =Table2[[#This Row],[PTS]]/Table2[[#This Row],[GP]]*Table2[[#This Row],[NHL_EQUIVALENT]] -> 0.18590164 | V54: =Table2[[#This Row],[G]]/Table2[[#This Row],[PTS]] -> 0.45238095 | W54: =Table2[[#This Row],[A]]/Table2[[#This Row],[PTS]] -> 0.54761905 | X54: 0 | Y54: 0 | Z54: CZECHIA | AA54: #VALUE! | AB54: Vaclav Nestrasil (RW) | AC54: 39178 | AD54: 6'5" | AE54: 190 | AF54: R
A55: 2025 | C55: Ethan Czata | D55: 54 | E55: F | F55: Niagara IceDogs | G55: OHL | H55: 0.3 | I55: 68 | J55: 21 | K55: 34 | L55: 55 | M55: 72 | N55: =Table2[[#This Row],[G]]/Table2[[#This Row],[GP]] -> 0.30882353 | O55: =Table2[[#This Row],[A]]/Table2[[#This Row],[GP]] -> 0.5 | P55: =Table2[[#This Row],[PTS]]/Table2[[#This Row],[GP]] -> 0.80882353 | Q55: =Table2[[#This Row],[PIM]]/Table2[[#This Row],[GP]] -> 1.0588235 | R55: =(Table2[[#This Row],[G]]^2)/(Table2[[#This Row],[G]]^2+Table2[[#This Row],[A]]^2) -> 0.27614277 | S55: =Table2[[#This Row],[PIM]]/Table2[[#This Row],[PTS]] -> 1.3090909 | T55: =Table2[[#This Row],[PTS]]/Table2[[#This Row],[PIM]] -> 0.76388889 | U55: =Table2[[#This Row],[PTS]]/Table2[[#This Row],[GP]]*Table2[[#This Row],[NHL_EQUIVALENT]] -> 0.24264706 | V55: =Table2[[#This Row],[G]]/Table2[[#This Row],[PTS]] -> 0.38181818 | W55: =Table2[[#This Row],[A]]/Table2[[#This Row],[PTS]] -> 0.61818182 | X55: 0 | Y55: 0 | Z55: CANADA | AA55: #VALUE! | AB55: Ethan Czata (C) | AC55: 39231 | AD55: 6'1" | AE55: 174 | AF55: L
A56: 2025 | C56: Viktor Klingsell | D56: 55 | E56: F | F56: SkellefteÃ¥ AIK J20 | G56: J20 Nationell | H56: 0.27 | I56: 43 | J56: 17 | K56: 22 | L56: 39 | M56: 6 | N56: =Table2[[#This Row],[G]]/Table2[[#This Row],[GP]] -> 0.39534884 | O56: =Table2[[#This Row],[A]]/Table2[[#This Row],[GP]] -> 0.51162791 | P56: =Table2[[#This Row],[PTS]]/Table2[[#This Row],[GP]] -> 0.90697674 | Q56: =Table2[[#This Row],[PIM]]/Table2[[#This Row],[GP]] -> 0.13953488 | R56: =(Table2[[#This Row],[G]]^2)/(Table2[[#This Row],[G]]^2+Table2[[#This Row],[A]]^2) -> 0.37386805 | S56: =Table2[[#This Row],[PIM]]/Table2[[#This Row],[PTS]] -> 0.15384615 | T56: =Table2[[#This Row],[PTS]]/Table2[[#This Row],[PIM]] -> 6.5 | U56: =Table2[[#This Row],[PTS]]/Table2[[#This Row],[GP]]*Table2[[#This Row],[NHL_EQUIVALENT]] -> 0.24488372 | V56: =Table2[[#This Row],[G]]/Table2[[#This Row],[PTS]] -> 0.43589744 | W56: =Table2[[#This Row],[A]]/Table2[[#This Row],[PTS]] -> 0.56410256 | X56: 0 | Y56: 0 | Z56: SWEDEN | AA56: #VALUE! | AB56: Viktor Klingsell (LW) | AC56: 39123 | AD56: 5'10" | AE56: 183 | AF56: L
A57: 2025 | C57: Luka Radivojevic | D57: 56 | E57: D | F57: Muskegon Lumberjacks | G57: USHL | H57: 0.27 | I57: 38 | J57: 3 | K57: 19 | L57: 22 | M57: 39 | N57: =Table2[[#This Row],[G]]/Table2[[#This Row],[GP]] -> 0.078947368 | O57: =Table2[[#This Row],[A]]/Table2[[#This Row],[GP]] -> 0.5 | P57: =Table2[[#This Row],[PTS]]/Table2[[#This Row],[GP]] -> 0.57894737 | Q57: =Table2[[#This Row],[PIM]]/Table2[[#This Row],[GP]] -> 1.0263158 | R57: =(Table2[[#This Row],[G]]^2)/(Table2[[#This Row],[G]]^2+Table2[[#This Row],[A]]^2) -> 0.024324324 | S57: =Table2[[#This Row],[PIM]]/Table2[[#This Row],[PTS]] -> 1.7727273 | T57: =Table2[[#This Row],[PTS]]/Table2[[#This Row],[PIM]] -> 0.56410256 | U57: =Table2[[#This Row],[PTS]]/Table2[[#This Row],[GP]]*Table2[[#This Row],[NHL_EQUIVALENT]] -> 0.15631579 | V57: =Table2[[#This Row],[G]]/Table2[[#This Row],[PTS]] -> 0.13636364 | W57: =Table2[[#This Row],[A]]/Table2[[#This Row],[PTS]] -> 0.86363636 | X57: 0 | Y57: 0 | Z57: SLOVAKIA | AA57: #VALUE! | AB57: Luka Radivojevic (D) | AC57: 39085 | AD57: 5'10" | AE57: 168 | AF57: R
A58: 2025 | C58: Matthew Gard | D58: 57 | E58: F | F58: Red Deer Rebels | G58: WHL | H58: 0.29 | I58: 66 | J58: 19 | K58: 17 | L58: 36 | M58: 81 | N58: =Table2[[#This Row],[G]]/Table2[[#This Row],[GP]] -> 0.28787879 | O58: =Table2[[#This Row],[A]]/Table2[[#This Row],[GP]] -> 0.25757576 | P58: =Table2[[#This Row],[PTS]]/Table2[[#This Row],[GP]] -> 0.54545455 | Q58: =Table2[[#This Row],[PIM]]/Table2[[#This Row],[GP]] -> 1.2272727 | R58: =(Table2[[#This Row],[G]]^2)/(Table2[[#This Row],[G]]^2+Table2[[#This Row],[A]]^2) -> 0.55538462 | S58: =Table2[[#This Row],[PIM]]/Table2[[#This Row],[PTS]] -> 2.25 | T58: =Table2[[#This Row],[PTS]]/Table2[[#This Row],[PIM]] -> 0.44444444 | U58: =Table2[[#This Row],[PTS]]/Table2[[#This Row],[GP]]*Table2[[#This Row],[NHL_EQUIVALENT]] -> 0.15818182 | V58: =Table2[[#This Row],[G]]/Table2[[#This Row],[PTS]] -> 0.52777778 | W58: =Table2[[#This Row],[A]]/Table2[[#This Row],[PTS]] -> 0.47222222 | X58: 0 | Y58: 0 | Z58: CANADA | AA58: #VALUE! | AB58: Matthew Gard (F) | AC58: 39179 | AD58: 6'4" | AE58: 192 | AF58: L
A59: 2025 | C59: Kristian Epperson | D59: 58 | E59: F | F59: Saginaw Spirit | G59: OHL | H59: 0.3 | I59: 58 | J59: 27 | K59: 53 | L59: 80 | M59: 87 | N59: =Table2[[#This Row],[G]]/Table2[[#This Row],[GP]] -> 0.46551724 | O59: =Table2[[#This Row],[A]]/Table2[[#This Row],[GP]] -> 0.9137931 | P59: =Table2[[#This Row],[PTS]]/Table2[[#This Row],[GP]] -> 1.3793103 | Q59: =Table2[[#This Row],[PIM]]/Table2[[#This Row],[GP]] -> 1.5 | R59: =(Table2[[#This Row],[G]]^2)/(Table2[[#This Row],[G]]^2+Table2[[#This Row],[A]]^2) -> 0.20604862 | S59: =Table2[[#This Row],[PIM]]/Table2[[#This Row],[PTS]] -> 1.0875 | T59: =Table2[[#This Row],[PTS]]/Table2[[#This Row],[PIM]] -> 0.91954023 | U59: =Table2[[#This Row],[PTS]]/Table2[[#This Row],[GP]]*Table2[[#This Row],[NHL_EQUIVALENT]] -> 0.4137931 | V59: =Table2[[#This Row],[G]]/Table2[[#This Row],[PTS]] -> 0.3375 | W59: =Table2[[#This Row],[A]]/Table2[[#This Row],[PTS]] -> 0.6625 | X59: 0 | Y59: 0 | Z59: USA | AA59: #VALUE! | AB59: Kristian Epperson (LW) | AC59: 38853 | AD59: 6'0" | AE59: 185 | AF59: L
A60: 2025 | C60: Arvid Drott | D60: 59 | E60: F | F60: Djurgardens IF J20 | G60: J20 Nationell | H60: 0.27 | I60: 40 | J60: 18 | K60: 18 | L60: 36 | M60: 14 | N60: =Table2[[#This Row],[G]]/Table2[[#This Row],[GP]] -> 0.45 | O60: =Table2[[#This Row],[A]]/Table2[[#This Row],[GP]] -> 0.45 | P60: =Table2[[#This Row],[PTS]]/Table2[[#This Row],[GP]] -> 0.9 | Q60: =Table2[[#This Row],[PIM]]/Table2[[#This Row],[GP]] -> 0.35 | R60: =(Table2[[#This Row],[G]]^2)/(Table2[[#This Row],[G]]^2+Table2[[#This Row],[A]]^2) -> 0.5 | S60: =Table2[[#This Row],[PIM]]/Table2[[#This Row],[PTS]] -> 0.38888889 | T60: =Table2[[#This Row],[PTS]]/Table2[[#This Row],[PIM]] -> 2.5714286 | U60: =Table2[[#This Row],[PTS]]/Table2[[#This Row],[GP]]*Table2[[#This Row],[NHL_EQUIVALENT]] -> 0.243 | V60: =Table2[[#This Row],[G]]/Table2[[#This Row],[PTS]] -> 0.5 | W60: =Table2[[#This Row],[A]]/Table2[[#This Row],[PTS]] -> 0.5 | X60: 0 | Y60: 0 | Z60: SWEDEN | AA60: #VALUE! | AB60: Arvid Drott (RW) | AC60: 39305 | AD60: 6'1" | AE60: 187 | AF60: R
A61: 2025 | C61: Gustav Hillstrom | D61: 60 | E61: F | F61: Brynas IF J20 | G61: J20 Nationell | H61: 0.27 | I61: 43 | J61: 16 | K61: 22 | L61: 38 | M61: 16 | N61: =Table2[[#This Row],[G]]/Table2[[#This Row],[GP]] -> 0.37209302 | O61: =Table2[[#This Row],[A]]/Table2[[#This Row],[GP]] -> 0.51162791 | P61: =Table2[[#This Row],[PTS]]/Table2[[#This Row],[GP]] -> 0.88372093 | Q61: =Table2[[#This Row],[PIM]]/Table2[[#This Row],[GP]] -> 0.37209302 | R61: =(Table2[[#This Row],[G]]^2)/(Table2[[#This Row],[G]]^2+Table2[[#This Row],[A]]^2) -> 0.34594595 | S61: =Table2[[#This Row],[PIM]]/Table2[[#This Row],[PTS]] -> 0.42105263 | T61: =Table2[[#This Row],[PTS]]/Table2[[#This Row],[PIM]] -> 2.375 | U61: =Table2[[#This Row],[PTS]]/Table2[[#This Row],[GP]]*Table2[[#This Row],[NHL_EQUIVALENT]] -> 0.23860465 | V61: =Table2[[#This Row],[G]]/Table2[[#This Row],[PTS]] -> 0.42105263 | W61: =Table2[[#This Row],[A]]/Table2[[#This Row],[PTS]] -> 0.57894737 | X61: 0 | Y61: 0 | Z61: SWEDEN | AA61: #VALUE! | AB61: Gustav Hillström (C) | AC61: 39102 | AD61: 6'2" | AE61: 176 | AF61: R
A62: 2025 | C62: Peyton Kettles | D62: 61 | E62: D | F62: Swift Current Broncos | G62: WHL | H62: 0.29 | I62: 53 | J62: 5 | K62: 9 | L62: 14 | M62: 65 | N62: =Table2[[#This Row],[G]]/Table2[[#This Row],[GP]] -> 0.094339623 | O62: =Table2[[#This Row],[A]]/Table2[[#This Row],[GP]] -> 0.16981132 | P62: =Table2[[#This Row],[PTS]]/Table2[[#This Row],[GP]] -> 0.26415094 | Q62: =Table2[[#This Row],[PIM]]/Table2[[#This Row],[GP]] -> 1.2264151 | R62: =(Table2[[#This Row],[G]]^2)/(Table2[[#This Row],[G]]^2+Table2[[#This Row],[A]]^2) -> 0.23584906 | S62: =Table2[[#This Row],[PIM]]/Table2[[#This Row],[PTS]] -> 4.6428571 | T62: =Table2[[#This Row],[PTS]]/Table2[[#This Row],[PIM]] -> 0.21538462 | U62: =Table2[[#This Row],[PTS]]/Table2[[#This Row],[GP]]*Table2[[#This Row],[NHL_EQUIVALENT]] -> 0.076603774 | V62: =Table2[[#This Row],[G]]/Table2[[#This Row],[PTS]] -> 0.35714286 | W62: =Table2[[#This Row],[A]]/Table2[[#This Row],[PTS]] -> 0.64285714 | X62: 0 | Y62: 0 | Z62: CANADA | AA62: #VALUE! | AB62: Peyton Kettles (D) | AC62: 39326 | AD62: 6'5" | AE62: 194 | AF62: R
A63: 2025 | C63: Pyotr Andreyanov | D63: 62 | E63: G | F63: Krasnaya Armiya Moskva | G63: MHL | H63: 0.2 | I63: 37 | J63: 0 | K63: 0 | L63: 0 | M63: 0 | N63: =Table2[[#This Row],[G]]/Table2[[#This Row],[GP]] -> 0 | O63: =Table2[[#This Row],[A]]/Table2[[#This Row],[GP]] -> 0 | P63: =Table2[[#This Row],[PTS]]/Table2[[#This Row],[GP]] -> 0 | Q63: =Table2[[#This Row],[PIM]]/Table2[[#This Row],[GP]] -> 0 | R63: 0 | S63: 0 | T63: 0 | U63: =Table2[[#This Row],[PTS]]/Table2[[#This Row],[GP]]*Table2[[#This Row],[NHL_EQUIVALENT]] -> 0 | V63: 0 | W63: 0 | X63: 1.75 | Y63: 0.942 | Z63: RUSSIA | AA63: #VALUE! | AB63: Pyotr Andreyanov (G) | AC63: 39104 | AD63: 6'2" | AE63: 207 | AF63: L
A64: 2025 | C64: Alexei Medvedev | D64: 63 | E64: G | F64: London Knights | G64: OHL | H64: 0.3 | I64: 34 | J64: 0 | K64: 0 | L64: 0 | M64: 0 | N64: =Table2[[#This Row],[G]]/Table2[[#This Row],[GP]] -> 0 | O64: =Table2[[#This Row],[A]]/Table2[[#This Row],[GP]] -> 0 | P64: =Table2[[#This Row],[PTS]]/Table2[[#This Row],[GP]] -> 0 | Q64: =Table2[[#This Row],[PIM]]/Table2[[#This Row],[GP]] -> 0 | R64: 0 | S64: 0 | T64: 0 | U64: =Table2[[#This Row],[PTS]]/Table2[[#This Row],[GP]]*Table2[[#This Row],[NHL_EQUIVALENT]] -> 0 | V64: 0 | W64: 0 | X64: 2.79 | Y64: 0.912 | Z64: RUSSIA | AA64: #VALUE! | AB64: Alexei Medvedev (G) | AC64: 39335 | AD64: 6'3" | AE64: 181 | AF64: L
A65: 2025 | C65: Michal Svrcek | D65: 64 | E65: F | F65: Brynas IF J20 | G65: J20 Nationell | H65: 0.27 | I65: 30 | J65: 14 | K65: 16 | L65: 30 | M65: 10 | N65: =Table2[[#This Row],[G]]/Table2[[#This Row],[GP]] -> 0.46666667 | O65: =Table2[[#This Row],[A]]/Table2[[#This Row],[GP]] -> 0.53333333 | P65: =Table2[[#This Row],[PTS]]/Table2[[#This Row],[GP]] -> 1 | Q65: =Table2[[#This Row],[PIM]]/Table2[[#This Row],[GP]] -> 0.33333333 | R65: =(Table2[[#This Row],[G]]^2)/(Table2[[#This Row],[G]]^2+Table2[[#This Row],[A]]^2) -> 0.43362832 | S65: =Table2[[#This Row],[PIM]]/Table2[[#This Row],[PTS]] -> 0.33333333 | T65: =Table2[[#This Row],[PTS]]/Table2[[#This Row],[PIM]] -> 3 | U65: =Table2[[#This Row],[PTS]]/Table2[[#This Row],[GP]]*Table2[[#This Row],[NHL_EQUIVALENT]] -> 0.27 | V65: =Table2[[#This Row],[G]]/Table2[[#This Row],[PTS]] -> 0.46666667 | W65: =Table2[[#This Row],[A]]/Table2[[#This Row],[PTS]] -> 0.53333333 | X65: 0 | Y65: 0 | Z65: SLOVAKIA | AA65: #VALUE! | AB65: Michal Svrcek (C/LW) | AC65: 39108 | AD65: 5'10" | AE65: 176 | AF65: L
A66: 2025 | C66: Tomas Pobezal | D66: 65 | E66: F | F66: HK Nitra | G66: Slovakia | H66: 0.28 | I66: 42 | J66: 15 | K66: 8 | L66: 23 | M66: 24 | N66: =Table2[[#This Row],[G]]/Table2[[#This Row],[GP]] -> 0.35714286 | O66: =Table2[[#This Row],[A]]/Table2[[#This Row],[GP]] -> 0.19047619 | P66: =Table2[[#This Row],[PTS]]/Table2[[#This Row],[GP]] -> 0.54761905 | Q66: =Table2[[#This Row],[PIM]]/Table2[[#This Row],[GP]] -> 0.57142857 | R66: =(Table2[[#This Row],[G]]^2)/(Table2[[#This Row],[G]]^2+Table2[[#This Row],[A]]^2) -> 0.77854671 | S66: =Table2[[#This Row],[PIM]]/Table2[[#This Row],[PTS]] -> 1.0434783 | T66: =Table2[[#This Row],[PTS]]/Table2[[#This Row],[PIM]] -> 0.95833333 | U66: =Table2[[#This Row],[PTS]]/Table2[[#This Row],[GP]]*Table2[[#This Row],[NHL_EQUIVALENT]] -> 0.15333333 | V66: =Table2[[#This Row],[G]]/Table2[[#This Row],[PTS]] -> 0.65217391 | W66: =Table2[[#This Row],[A]]/Table2[[#This Row],[PTS]] -> 0.34782609 | X66: 0 | Y66: 0 | Z66: SLOVAKIA | AA66: #VALUE! | AB66: Tomas Pobezal (C) | AC66: 38978 | AD66: 5'10" | AE66: 179 | AF66: L
A67: 2025 | C67: L.J. Mooney | D67: 66 | E67: F | F67: U.S. National U18 Team | G67: NTDP | H67: 0.28 | I67: 51 | J67: 10 | K67: 41 | L67: 51 | M67: 25 | N67: =Table2[[#This Row],[G]]/Table2[[#This Row],[GP]] -> 0.19607843 | O67: =Table2[[#This Row],[A]]/Table2[[#This Row],[GP]] -> 0.80392157 | P67: =Table2[[#This Row],[PTS]]/Table2[[#This Row],[GP]] -> 1 | Q67: =Table2[[#This Row],[PIM]]/Table2[[#This Row],[GP]] -> 0.49019608 | R67: =(Table2[[#This Row],[G]]^2)/(Table2[[#This Row],[G]]^2+Table2[[#This Row],[A]]^2) -> 0.056148231 | S67: =Table2[[#This Row],[PIM]]/Table2[[#This Row],[PTS]] -> 0.49019608 | T67: =Table2[[#This Row],[PTS]]/Table2[[#This Row],[PIM]] -> 2.04 | U67: =Table2[[#This Row],[PTS]]/Table2[[#This Row],[GP]]*Table2[[#This Row],[NHL_EQUIVALENT]] -> 0.28 | V67: =Table2[[#This Row],[G]]/Table2[[#This Row],[PTS]] -> 0.19607843 | W67: =Table2[[#This Row],[A]]/Table2[[#This Row],[PTS]] -> 0.80392157 | X67: 0 | Y67: 0 | Z67: USA | AA67: #VALUE! | AB67: L.J. Mooney (RW) | AC67: 39149 | AD67: 5'7" | AE67: 157 | AF67: R
A68: 2025 | C68: Vojtěch Čihař | D68: 67 | E68: F | F68: HC Energie Karlovy Vary | G68: Czechia | H68: 0.47 | I68: 43 | J68: 4 | K68: 5 | L68: 9 | M68: 8 | N68: =Table2[[#This Row],[G]]/Table2[[#This Row],[GP]] -> 0.093023256 | O68: =Table2[[#This Row],[A]]/Table2[[#This Row],[GP]] -> 0.11627907 | P68: =Table2[[#This Row],[PTS]]/Table2[[#This Row],[GP]] -> 0.20930233 | Q68: =Table2[[#This Row],[PIM]]/Table2[[#This Row],[GP]] -> 0.18604651 | R68: =(Table2[[#This Row],[G]]^2)/(Table2[[#This Row],[G]]^2+Table2[[#This Row],[A]]^2) -> 0.3902439 | S68: =Table2[[#This Row],[PIM]]/Table2[[#This Row],[PTS]] -> 0.88888889 | T68: =Table2[[#This Row],[PTS]]/Table2[[#This Row],[PIM]] -> 1.125 | U68: =Table2[[#This Row],[PTS]]/Table2[[#This Row],[GP]]*Table2[[#This Row],[NHL_EQUIVALENT]] -> 0.098372093 | V68: =Table2[[#This Row],[G]]/Table2[[#This Row],[PTS]] -> 0.44444444 | W68: =Table2[[#This Row],[A]]/Table2[[#This Row],[PTS]] -> 0.55555556 | X68: 0 | Y68: 0 | Z68: CZECHIA | AA68: #VALUE! | AB68: Vojtěch Čihař (LW) | AC68: 39170 | AD68: 6'1" | AE68: 187 | AF68: L
A69: 2025 | C69: Jacob Rombach | D69: 68 | E69: D | F69: Lincoln Stars | G69: USHL | H69: 0.27 | I69: 57 | J69: 3 | K69: 15 | L69: 18 | M69: 57 | N69: =Table2[[#This Row],[G]]/Table2[[#This Row],[GP]] -> 0.052631579 | O69: =Table2[[#This Row],[A]]/Table2[[#This Row],[GP]] -> 0.26315789 | P69: =Table2[[#This Row],[PTS]]/Table2[[#This Row],[GP]] -> 0.31578947 | Q69: =Table2[[#This Row],[PIM]]/Table2[[#This Row],[GP]] -> 1 | R69: =(Table2[[#This Row],[G]]^2)/(Table2[[#This Row],[G]]^2+Table2[[#This Row],[A]]^2) -> 0.038461538 | S69: =Table2[[#This Row],[PIM]]/Table2[[#This Row],[PTS]] -> 3.1666667 | T69: =Table2[[#This Row],[PTS]]/Table2[[#This Row],[PIM]] -> 0.31578947 | U69: =Table2[[#This Row],[PTS]]/Table2[[#This Row],[GP]]*Table2[[#This Row],[NHL_EQUIVALENT]] -> 0.085263158 | V69: =Table2[[#This Row],[G]]/Table2[[#This Row],[PTS]] -> 0.16666667 | W69: =Table2[[#This Row],[A]]/Table2[[#This Row],[PTS]] -> 0.83333333 | X69: 0 | Y69: 0 | Z69: USA | AA69: #VALUE! | AB69: Jacob Rombach (D) | AC69: 39173 | AD69: 6'6" | AE69: 201 | AF69: L
A70: 2025 | C70: Semyon Frolov | D70: 69 | E70: G | F70: Ladia Togliatti | G70: MHL | H70: 0.2 | I70: 9 | J70: 0 | K70: 0 | L70: 0 | M70: 0 | N70: =Table2[[#This Row],[G]]/Table2[[#This Row],[GP]] -> 0 | O70: =Table2[[#This Row],[A]]/Table2[[#This Row],[GP]] -> 0 | P70: =Table2[[#This Row],[PTS]]/Table2[[#This Row],[GP]] -> 0 | Q70: =Table2[[#This Row],[PIM]]/Table2[[#This Row],[GP]] -> 0 | R70: 0 | S70: 0 | T70: 0 | U70: =Table2[[#This Row],[PTS]]/Table2[[#This Row],[GP]]*Table2[[#This Row],[NHL_EQUIVALENT]] -> 0 | V70: 0 | W70: 0 | X70: 1.83 | Y70: 0.937 | Z70: RUSSIA | AA70: #VALUE! | AB70: Semyon Frolov (G) | AC70: 39099 | AD70: 6'3" | AE70: 203 | AF70: L
A71: 2025 | C71: Mason West | D71: 70 | E71: F | F71: Edina High | G71: USHS-MN | H71: 0.08 | I71: 31 | J71: 27 | K71: 22 | L71: 49 | M71: 10 | N71: =Table2[[#This Row],[G]]/Table2[[#This Row],[GP]] -> 0.87096774 | O71: =Table2[[#This Row],[A]]/Table2[[#This Row],[GP]] -> 0.70967742 | P71: =Table2[[#This Row],[PTS]]/Table2[[#This Row],[GP]] -> 1.5806452 | Q71: =Table2[[#This Row],[PIM]]/Table2[[#This Row],[GP]] -> 0.32258065 | R71: =(Table2[[#This Row],[G]]^2)/(Table2[[#This Row],[G]]^2+Table2[[#This Row],[A]]^2) -> 0.60098928 | S71: =Table2[[#This Row],[PIM]]/Table2[[#This Row],[PTS]] -> 0.20408163 | T71: =Table2[[#This Row],[PTS]]/Table2[[#This Row],[PIM]] -> 4.9 | U71: =Table2[[#This Row],[PTS]]/Table2[[#This Row],[GP]]*Table2[[#This Row],[NHL_EQUIVALENT]] -> 0.12645161 | V71: =Table2[[#This Row],[G]]/Table2[[#This Row],[PTS]] -> 0.55102041 | W71: =Table2[[#This Row],[A]]/Table2[[#This Row],[PTS]] -> 0.44897959 | X71: 0 | Y71: 0 | Z71: USA | AA71: #VALUE! | AB71: Mason West (F) | AC71: 39297 | AD71: 6'6" | AE71: 207 | AF71: R
A72: 2025 | C72: Max Psenicka | D72: 71 | E72: D | F72: Portland Winterhawks | G72: WHL | H72: 0.29 | I72: 24 | J72: 1 | K72: 6 | L72: 7 | M72: 12 | N72: =Table2[[#This Row],[G]]/Table2[[#This Row],[GP]] -> 0.041666667 | O72: =Table2[[#This Row],[A]]/Table2[[#This Row],[GP]] -> 0.25 | P72: =Table2[[#This Row],[PTS]]/Table2[[#This Row],[GP]] -> 0.29166667 | Q72: =Table2[[#This Row],[PIM]]/Table2[[#This Row],[GP]] -> 0.5 | R72: =(Table2[[#This Row],[G]]^2)/(Table2[[#This Row],[G]]^2+Table2[[#This Row],[A]]^2) -> 0.027027027 | S72: =Table2[[#This Row],[PIM]]/Table2[[#This Row],[PTS]] -> 1.7142857 | T72: =Table2[[#This Row],[PTS]]/Table2[[#This Row],[PIM]] -> 0.58333333 | U72: =Table2[[#This Row],[PTS]]/Table2[[#This Row],[GP]]*Table2[[#This Row],[NHL_EQUIVALENT]] -> 0.084583333 | V72: =Table2[[#This Row],[G]]/Table2[[#This Row],[PTS]] -> 0.14285714 | W72: =Table2[[#This Row],[A]]/Table2[[#This Row],[PTS]] -> 0.85714286 | X72: 0 | Y72: 0 | Z72: CZECHIA | AA72: #VALUE! | AB72: Max Psenicka (D) | AC72: 39100 | AD72: 6'4" | AE72: 185 | AF72: R
A73: 2025 | C73: Topias Hynninen | D73: 72 | E73: F | F73: Jukurit | G73: Liiga | H73: 0.54 | I73: 51 | J73: 12 | K73: 23 | L73: 35 | M73: 6 | N73: =Table2[[#This Row],[G]]/Table2[[#This Row],[GP]] -> 0.23529412 | O73: =Table2[[#This Row],[A]]/Table2[[#This Row],[GP]] -> 0.45098039 | P73: =Table2[[#This Row],[PTS]]/Table2[[#This Row],[GP]] -> 0.68627451 | Q73: =Table2[[#This Row],[PIM]]/Table2[[#This Row],[GP]] -> 0.11764706 | R73: =(Table2[[#This Row],[G]]^2)/(Table2[[#This Row],[G]]^2+Table2[[#This Row],[A]]^2) -> 0.21396731 | S73: =Table2[[#This Row],[PIM]]/Table2[[#This Row],[PTS]] -> 0.17142857 | T73: =Table2[[#This Row],[PTS]]/Table2[[#This Row],[PIM]] -> 5.8333333 | U73: =Table2[[#This Row],[PTS]]/Table2[[#This Row],[GP]]*Table2[[#This Row],[NHL_EQUIVALENT]] -> 0.37058824 | V73: =Table2[[#This Row],[G]]/Table2[[#This Row],[PTS]] -> 0.34285714 | W73: =Table2[[#This Row],[A]]/Table2[[#This Row],[PTS]] -> 0.65714286 | X73: 0 | Y73: 0 | Z73: FINLAND | AA73: #VALUE! | AB73: Topias Hynninen (C) | AC73: 38705 | AD73: 5'11" | AE73: 176 | AF73: L
A74: 2025 | C74: Harry Nansi | D74: 73 | E74: F | F74: Owen Sound Attack | G74: OHL | H74: 0.3 | I74: 67 | J74: 7 | K74: 16 | L74: 23 | M74: 14 | N74: =Table2[[#This Row],[G]]/Table2[[#This Row],[GP]] -> 0.10447761 | O74: =Table2[[#This Row],[A]]/Table2[[#This Row],[GP]] -> 0.23880597 | P74: =Table2[[#This Row],[PTS]]/Table2[[#This Row],[GP]] -> 0.34328358 | Q74: =Table2[[#This Row],[PIM]]/Table2[[#This Row],[GP]] -> 0.20895522 | R74: =(Table2[[#This Row],[G]]^2)/(Table2[[#This Row],[G]]^2+Table2[[#This Row],[A]]^2) -> 0.16065574 | S74: =Table2[[#This Row],[PIM]]/Table2[[#This Row],[PTS]] -> 0.60869565 | T74: =Table2[[#This Row],[PTS]]/Table2[[#This Row],[PIM]] -> 1.6428571 | U74: =Table2[[#This Row],[PTS]]/Table2[[#This Row],[GP]]*Table2[[#This Row],[NHL_EQUIVALENT]] -> 0.10298507 | V74: =Table2[[#This Row],[G]]/Table2[[#This Row],[PTS]] -> 0.30434783 | W74: =Table2[[#This Row],[A]]/Table2[[#This Row],[PTS]] -> 0.69565217 | X74: 0 | Y74: 0 | Z74: CANADA | AA74: #VALUE! | AB74: Harry Nansi (C) | AC74: 39335 | AD74: 6'3" | AE74: 179 | AF74: R
A75: 2025 | C75: Filip Ekberg | D75: 74 | E75: F | F75: Ottawa 67's | G75: OHL | H75: 0.3 | I75: 53 | J75: 16 | K75: 29 | L75: 45 | M75: 8 | N75: =Table2[[#This Row],[G]]/Table2[[#This Row],[GP]] -> 0.30188679 | O75: =Table2[[#This Row],[A]]/Table2[[#This Row],[GP]] -> 0.54716981 | P75: =Table2[[#This Row],[PTS]]/Table2[[#This Row],[GP]] -> 0.8490566 | Q75: =Table2[[#This Row],[PIM]]/Table2[[#This Row],[GP]] -> 0.1509434 | R75: =(Table2[[#This Row],[G]]^2)/(Table2[[#This Row],[G]]^2+Table2[[#This Row],[A]]^2) -> 0.23336372 | S75: =Table2[[#This Row],[PIM]]/Table2[[#This Row],[PTS]] -> 0.17777778 | T75: =Table2[[#This Row],[PTS]]/Table2[[#This Row],[PIM]] -> 5.625 | U75: =Table2[[#This Row],[PTS]]/Table2[[#This Row],[GP]]*Table2[[#This Row],[NHL_EQUIVALENT]] -> 0.25471698 | V75: =Table2[[#This Row],[G]]/Table2[[#This Row],[PTS]] -> 0.35555556 | W75: =Table2[[#This Row],[A]]/Table2[[#This Row],[PTS]] -> 0.64444444 | X75: 0 | Y75: 0 | Z75: SWEDEN | AA75: #VALUE! | AB75: Filip Ekberg (LW) | AC75: 39186 | AD75: 5'10" | AE75: 168 | AF75: L
A76: 2025 | C76: Maxim Agafonov | D76: 75 | E76: D | F76: Tolpar Ufa | G76: MHL | H76: 0.2 | I76: 35 | J76: 6 | K76: 8 | L76: 14 | M76: 22 | N76: =Table2[[#This Row],[G]]/Table2[[#This Row],[GP]] -> 0.17142857 | O76: =Table2[[#This Row],[A]]/Table2[[#This Row],[GP]] -> 0.22857143 | P76: =Table2[[#This Row],[PTS]]/Table2[[#This Row],[GP]] -> 0.4 | Q76: =Table2[[#This Row],[PIM]]/Table2[[#This Row],[GP]] -> 0.62857143 | R76: =(Table2[[#This Row],[G]]^2)/(Table2[[#This Row],[G]]^2+Table2[[#This Row],[A]]^2) -> 0.36 | S76: =Table2[[#This Row],[PIM]]/Table2[[#This Row],[PTS]] -> 1.5714286 | T76: =Table2[[#This Row],[PTS]]/Table2[[#This Row],[PIM]] -> 0.63636364 | U76: =Table2[[#This Row],[PTS]]/Table2[[#This Row],[GP]]*Table2[[#This Row],[NHL_EQUIVALENT]] -> 0.08 | V76: =Table2[[#This Row],[G]]/Table2[[#This Row],[PTS]] -> 0.42857143 | W76: =Table2[[#This Row],[A]]/Table2[[#This Row],[PTS]] -> 0.57142857 | X76: 0 | Y76: 0 | Z76: RUSSIA | AA76: #VALUE! | AB76: Maxim Agafonov (D) | AC76: 39182 | AD76: 6'2" | AE76: 198 | AF76: R
A77: 2025 | C77: Tomas Poletin | D77: 76 | E77: F | F77: Pelicans U20 | G77: U20 SM-sarja | H77: 0.22 | I77: 25 | J77: 13 | K77: 7 | L77: 20 | M77: 14 | N77: =Table2[[#This Row],[G]]/Table2[[#This Row],[GP]] -> 0.52 | O77: =Table2[[#This Row],[A]]/Table2[[#This Row],[GP]] -> 0.28 | P77: =Table2[[#This Row],[PTS]]/Table2[[#This Row],[GP]] -> 0.8 | Q77: =Table2[[#This Row],[PIM]]/Table2[[#This Row],[GP]] -> 0.56 | R77: =(Table2[[#This Row],[G]]^2)/(Table2[[#This Row],[G]]^2+Table2[[#This Row],[A]]^2) -> 0.77522936 | S77: =Table2[[#This Row],[PIM]]/Table2[[#This Row],[PTS]] -> 0.7 | T77: =Table2[[#This Row],[PTS]]/Table2[[#This Row],[PIM]] -> 1.4285714 | U77: =Table2[[#This Row],[PTS]]/Table2[[#This Row],[GP]]*Table2[[#This Row],[NHL_EQUIVALENT]] -> 0.176 | V77: =Table2[[#This Row],[G]]/Table2[[#This Row],[PTS]] -> 0.65 | W77: =Table2[[#This Row],[A]]/Table2[[#This Row],[PTS]] -> 0.35 | X77: 0 | Y77: 0 | Z77: CZECHIA | AA77: #VALUE! | AB77: Tomas Poletin (LW) | AC77: 39202 | AD77: 6'1" | AE77: 196 | AF77: L
A78: 2025 | C78: Alex Huang | D78: 77 | E78: D | F78: Chicoutimi SaguenÃ©ens | G78: QMJHL | H78: 0.27 | I78: 64 | J78: 7 | K78: 33 | L78: 40 | M78: 16 | N78: =Table2[[#This Row],[G]]/Table2[[#This Row],[GP]] -> 0.109375 | O78: =Table2[[#This Row],[A]]/Table2[[#This Row],[GP]] -> 0.515625 | P78: =Table2[[#This Row],[PTS]]/Table2[[#This Row],[GP]] -> 0.625 | Q78: =Table2[[#This Row],[PIM]]/Table2[[#This Row],[GP]] -> 0.25 | R78: =(Table2[[#This Row],[G]]^2)/(Table2[[#This Row],[G]]^2+Table2[[#This Row],[A]]^2) -> 0.043057996 | S78: =Table2[[#This Row],[PIM]]/Table2[[#This Row],[PTS]] -> 0.4 | T78: =Table2[[#This Row],[PTS]]/Table2[[#This Row],[PIM]] -> 2.5 | U78: =Table2[[#This Row],[PTS]]/Table2[[#This Row],[GP]]*Table2[[#This Row],[NHL_EQUIVALENT]] -> 0.16875 | V78: =Table2[[#This Row],[G]]/Table2[[#This Row],[PTS]] -> 0.175 | W78: =Table2[[#This Row],[A]]/Table2[[#This Row],[PTS]] -> 0.825 | X78: 0 | Y78: 0 | Z78: CANADA | AA78: #VALUE! | AB78: Alex Huang (D) | AC78: 39293 | AD78: 6'0" | AE78: 161 | AF78: R
A79: 2025 | C79: Theo Stockselius | D79: 78 | E79: F | F79: Djurgardens IF J20 | G79: J20 Nationell | H79: 0.27 | I79: 40 | J79: 22 | K79: 29 | L79: 51 | M79: 50 | N79: =Table2[[#This Row],[G]]/Table2[[#This Row],[GP]] -> 0.55 | O79: =Table2[[#This Row],[A]]/Table2[[#This Row],[GP]] -> 0.725 | P79: =Table2[[#This Row],[PTS]]/Table2[[#This Row],[GP]] -> 1.275 | Q79: =Table2[[#This Row],[PIM]]/Table2[[#This Row],[GP]] -> 1.25 | R79: =(Table2[[#This Row],[G]]^2)/(Table2[[#This Row],[G]]^2+Table2[[#This Row],[A]]^2) -> 0.36528302 | S79: =Table2[[#This Row],[PIM]]/Table2[[#This Row],[PTS]] -> 0.98039216 | T79: =Table2[[#This Row],[PTS]]/Table2[[#This Row],[PIM]] -> 1.02 | U79: =Table2[[#This Row],[PTS]]/Table2[[#This Row],[GP]]*Table2[[#This Row],[NHL_EQUIVALENT]] -> 0.34425 | V79: =Table2[[#This Row],[G]]/Table2[[#This Row],[PTS]] -> 0.43137255 | W79: =Table2[[#This Row],[A]]/Table2[[#This Row],[PTS]] -> 0.56862745 | X79: 0 | Y79: 0 | Z79: SWEDEN | AA79: #VALUE! | AB79: Theo Stockselius (F) | AC79: 39287 | AD79: 6'3" | AE79: 183 | AF79: L
A80: 2025 | C80: Daniil Prokhorov | D80: 79 | E80: F | F80: MHK Dynamo St. Petersburg | G80: MHL | H80: 0.2 | I80: 43 | J80: 20 | K80: 7 | L80: 27 | M80: 14 | N80: =Table2[[#This Row],[G]]/Table2[[#This Row],[GP]] -> 0.46511628 | O80: =Table2[[#This Row],[A]]/Table2[[#This Row],[GP]] -> 0.1627907 | P80: =Table2[[#This Row],[PTS]]/Table2[[#This Row],[GP]] -> 0.62790698 | Q80: =Table2[[#This Row],[PIM]]/Table2[[#This Row],[GP]] -> 0.3255814 | R80: =(Table2[[#This Row],[G]]^2)/(Table2[[#This Row],[G]]^2+Table2[[#This Row],[A]]^2) -> 0.8908686 | S80: =Table2[[#This Row],[PIM]]/Table2[[#This Row],[PTS]] -> 0.51851852 | T80: =Table2[[#This Row],[PTS]]/Table2[[#This Row],[PIM]] -> 1.9285714 | U80: =Table2[[#This Row],[PTS]]/Table2[[#This Row],[GP]]*Table2[[#This Row],[NHL_EQUIVALENT]] -> 0.1255814 | V80: =Table2[[#This Row],[G]]/Table2[[#This Row],[PTS]] -> 0.74074074 | W80: =Table2[[#This Row],[A]]/Table2[[#This Row],[PTS]] -> 0.25925926 | X80: 0 | Y80: 0 | Z80: RUSSIA | AA80: #VALUE! | AB80: Daniil Prokhorov (RW) | AC80: 39199 | AD80: 6'6" | AE80: 209 | AF80: L
A81: 2025 | C81: Jamiro Reber | D81: 80 | E81: F | F81: HV71 | G81: SHL | H81: 0.55 | I81: 47 | J81: 8 | K81: 7 | L81: 15 | M81: 6 | N81: =Table2[[#This Row],[G]]/Table2[[#This Row],[GP]] -> 0.17021277 | O81: =Table2[[#This Row],[A]]/Table2[[#This Row],[GP]] -> 0.14893617 | P81: =Table2[[#This Row],[PTS]]/Table2[[#This Row],[GP]] -> 0.31914894 | Q81: =Table2[[#This Row],[PIM]]/Table2[[#This Row],[GP]] -> 0.12765957 | R81: =(Table2[[#This Row],[G]]^2)/(Table2[[#This Row],[G]]^2+Table2[[#This Row],[A]]^2) -> 0.56637168 | S81: =Table2[[#This Row],[PIM]]/Table2[[#This Row],[PTS]] -> 0.4 | T81: =Table2[[#This Row],[PTS]]/Table2[[#This Row],[PIM]] -> 2.5 | U81: =Table2[[#This Row],[PTS]]/Table2[[#This Row],[GP]]*Table2[[#This Row],[NHL_EQUIVALENT]] -> 0.17553191 | V81: =Table2[[#This Row],[G]]/Table2[[#This Row],[PTS]] -> 0.53333333 | W81: =Table2[[#This Row],[A]]/Table2[[#This Row],[PTS]] -> 0.46666667 | X81: 0 | Y81: 0 | Z81: SWITZERLAND | AA81: #VALUE! | AB81: Jamiro Reber (C/LW) | AC81: 38964 | AD81: 5'10" | AE81: 176 | AF81: L
A82: 2025 | C82: Dakoda Rhéaume-Mullen | D82: 81 | E82: D | F82: Univ. of Michigan | G82: NCAA | H82: 0.32 | I82: 35 | J82: 3 | K82: 6 | L82: 9 | M82: 8 | N82: =Table2[[#This Row],[G]]/Table2[[#This Row],[GP]] -> 0.085714286 | O82: =Table2[[#This Row],[A]]/Table2[[#This Row],[GP]] -> 0.17142857 | P82: =Table2[[#This Row],[PTS]]/Table2[[#This Row],[GP]] -> 0.25714286 | Q82: =Table2[[#This Row],[PIM]]/Table2[[#This Row],[GP]] -> 0.22857143 | R82: =(Table2[[#This Row],[G]]^2)/(Table2[[#This Row],[G]]^2+Table2[[#This Row],[A]]^2) -> 0.2 | S82: =Table2[[#This Row],[PIM]]/Table2[[#This Row],[PTS]] -> 0.88888889 | T82: =Table2[[#This Row],[PTS]]/Table2[[#This Row],[PIM]] -> 1.125 | U82: =Table2[[#This Row],[PTS]]/Table2[[#This Row],[GP]]*Table2[[#This Row],[NHL_EQUIVALENT]] -> 0.082285714 | V82: =Table2[[#This Row],[G]]/Table2[[#This Row],[PTS]] -> 0.33333333 | W82: =Table2[[#This Row],[A]]/Table2[[#This Row],[PTS]] -> 0.66666667 | X82: 0 | Y82: 0 | Z82: USA | AA82: #VALUE! | AB82: Dakoda Rhéaume-Mullen (D) | AC82: 39069 | AD82: 6'0" | AE82: 181 | AF82: L
... A93: 2025 | C93: Mason Moe | D93: 92 | E93: F | F93: Madison Capitols | G93: USHL | H93: 0.27 | I93: 51 | J93: 17 | K93: 26 | L93: 43 | M93: 26 | N93: =Table2[[#This Row],[G]]/Table2[[#This Row],[GP]] -> 0.33333333 | O93: =Table2[[#This Row],[A]]/Table2[[#This Row],[GP]] -> 0.50980392 | P93: =Table2[[#This Row],[PTS]]/Table2[[#This Row],[GP]] -> 0.84313725 | Q93: =Table2[[#This Row],[PIM]]/Table2[[#This Row],[GP]] -> 0.50980392 | R93: =(Table2[[#This Row],[G]]^2)/(Table2[[#This Row],[G]]^2+Table2[[#This Row],[A]]^2) -> 0.29948187 | S93: =Table2[[#This Row],[PIM]]/Table2[[#This Row],[PTS]] -> 0.60465116 | T93: =Table2[[#This Row],[PTS]]/Table2[[#This Row],[PIM]] -> 1.6538462 | U93: =Table2[[#This Row],[PTS]]/Table2[[#This Row],[GP]]*Table2[[#This Row],[NHL_EQUIVALENT]] -> 0.22764706 | V93: =Table2[[#This Row],[G]]/Table2[[#This Row],[PTS]] -> 0.39534884 | W93: =Table2[[#This Row],[A]]/Table2[[#This Row],[PTS]] -> 0.60465116 | X93: 0 | Y93: 0 | Z93: USA | AA93: #VALUE! | AB93: Mason Moe (F) | AC93: 39167 | AD93: 6'1" | AE93: 185 | AF93: L
A94: 2025 | C94: Michal Pradel | D94: 93 | E94: G | F94: Tri-City Storm | G94: USHL | H94: 0.27 | I94: 14 | J94: 0 | K94: 0 | L94: 0 | M94: 0 | N94: =Table2[[#This Row],[G]]/Table2[[#This Row],[GP]] -> 0 | O94: =Table2[[#This Row],[A]]/Table2[[#This Row],[GP]] -> 0 | P94: =Table2[[#This Row],[PTS]]/Table2[[#This Row],[GP]] -> 0 | Q94: =Table2[[#This Row],[PIM]]/Table2[[#This Row],[GP]] -> 0 | R94: 0 | S94: 0 | T94: 0 | U94: =Table2[[#This Row],[PTS]]/Table2[[#This Row],[GP]]*Table2[[#This Row],[NHL_EQUIVALENT]] -> 0 | V94: 0 | W94: 0 | X94: 2.41 | Y94: 0.899 | Z94: SLOVAKIA | AA94: #VALUE! | AB94: Michal Pradel (G) | AC94: 39151 | AD94: 6'5" | AE94: 194 | AF94: L
A95: 2025 | C95: Jimmy Lombardi | D95: 94 | E95: F | F95: Flint Firebirds | G95: OHL | H95: 0.3 | I95: 63 | J95: 13 | K95: 32 | L95: 45 | M95: 42 | N95: =Table2[[#This Row],[G]]/Table2[[#This Row],[GP]] -> 0.20634921 | O95: =Table2[[#This Row],[A]]/Table2[[#This Row],[GP]] -> 0.50793651 | P95: =Table2[[#This Row],[PTS]]/Table2[[#This Row],[GP]] -> 0.71428571 | Q95: =Table2[[#This Row],[PIM]]/Table2[[#This Row],[GP]] -> 0.66666667 | R95: =(Table2[[#This Row],[G]]^2)/(Table2[[#This Row],[G]]^2+Table2[[#This Row],[A]]^2) -> 0.14165968 | S95: =Table2[[#This Row],[PIM]]/Table2[[#This Row],[PTS]] -> 0.93333333 | T95: =Table2[[#This Row],[PTS]]/Table2[[#This Row],[PIM]] -> 1.0714286 | U95: =Table2[[#This Row],[PTS]]/Table2[[#This Row],[GP]]*Table2[[#This Row],[NHL_EQUIVALENT]] -> 0.21428571 | V95: =Table2[[#This Row],[G]]/Table2[[#This Row],[PTS]] -> 0.28888889 | W95: =Table2[[#This Row],[A]]/Table2[[#This Row],[PTS]] -> 0.71111111 | X95: 0 | Y95: 0 | Z95: CANADA | AA95: #VALUE! | AB95: Jimmy Lombardi (C) | AC95: 39129 | AD95: 6'0" | AE95: 179 | AF95: L
A96: 2025 | C96: David Bedkowski | D96: 95 | E96: D | F96: Owen Sound Attack | G96: OHL | H96: 0.3 | I96: 35 | J96: 3 | K96: 4 | L96: 7 | M96: 73 | N96: =Table2[[#This Row],[G]]/Table2[[#This Row],[GP]] -> 0.085714286 | O96: =Table2[[#This Row],[A]]/Table2[[#This Row],[GP]] -> 0.11428571 | P96: =Table2[[#This Row],[PTS]]/Table2[[#This Row],[GP]] -> 0.2 | Q96: =Table2[[#This Row],[PIM]]/Table2[[#This Row],[GP]] -> 2.0857143 | R96: =(Table2[[#This Row],[G]]^2)/(Table2[[#This Row],[G]]^2+Table2[[#This Row],[A]]^2) -> 0.36 | S96: =Table2[[#This Row],[PIM]]/Table2[[#This Row],[PTS]] -> 10.428571 | T96: =Table2[[#This Row],[PTS]]/Table2[[#This Row],[PIM]] -> 0.095890411 | U96: =Table2[[#This Row],[PTS]]/Table2[[#This Row],[GP]]*Table2[[#This Row],[NHL_EQUIVALENT]] -> 0.06 | V96: =Table2[[#This Row],[G]]/Table2[[#This Row],[PTS]] -> 0.42857143 | W96: =Table2[[#This Row],[A]]/Table2[[#This Row],[PTS]] -> 0.57142857 | X96: 0 | Y96: 0 | Z96: CANADA | AA96: #VALUE! | AB96: David Bedkowski (D) | AC96: 39058 | AD96: 6'5" | AE96: 214 | AF96: R
A97: 2025 | C97: Owen Conrad | D97: 96 | E97: D | F97: Charlottetown Islanders | G97: QMJHL | H97: 0.27 | I97: 64 | J97: 7 | K97: 19 | L97: 26 | M97: 32 | N97: =Table2[[#This Row],[G]]/Table2[[#This Row],[GP]] -> 0.109375 | O97: =Table2[[#This Row],[A]]/Table2[[#This Row],[GP]] -> 0.296875 | P97: =Table2[[#This Row],[PTS]]/Table2[[#This Row],[GP]] -> 0.40625 | Q97: =Table2[[#This Row],[PIM]]/Table2[[#This Row],[GP]] -> 0.5 | R97: =(Table2[[#This Row],[G]]^2)/(Table2[[#This Row],[G]]^2+Table2[[#This Row],[A]]^2) -> 0.1195122 | S97: =Table2[[#This Row],[PIM]]/Table2[[#This Row],[PTS]] -> 1.2307692 | T97: =Table2[[#This Row],[PTS]]/Table2[[#This Row],[PIM]] -> 0.8125 | U97: =Table2[[#This Row],[PTS]]/Table2[[#This Row],[GP]]*Table2[[#This Row],[NHL_EQUIVALENT]] -> 0.1096875 | V97: =Table2[[#This Row],[G]]/Table2[[#This Row],[PTS]] -> 0.26923077 | W97: =Table2[[#This Row],[A]]/Table2[[#This Row],[PTS]] -> 0.73076923 | X97: 0 | Y97: 0 | Z97: CANADA | AA97: #VALUE! | AB97: Owen Conrad (D) | AC97: 39151 | AD97: 6'3" | AE97: 209 | AF97: L
A98: 2025 | C98: Anthony Allain-Samaké | D98: 97 | E98: D | F98: Sioux City Musketeers | G98: USHL | H98: 0.27 | I98: 61 | J98: 0 | K98: 14 | L98: 14 | M98: 30 | N98: =Table2[[#This Row],[G]]/Table2[[#This Row],[GP]] -> 0 | O98: =Table2[[#This Row],[A]]/Table2[[#This Row],[GP]] -> 0.2295082 | P98: =Table2[[#This Row],[PTS]]/Table2[[#This Row],[GP]] -> 0.2295082 | Q98: =Table2[[#This Row],[PIM]]/Table2[[#This Row],[GP]] -> 0.49180328 | R98: =(Table2[[#This Row],[G]]^2)/(Table2[[#This Row],[G]]^2+Table2[[#This Row],[A]]^2) -> 0 | S98: =Table2[[#This Row],[PIM]]/Table2[[#This Row],[PTS]] -> 2.1428571 | T98: =Table2[[#This Row],[PTS]]/Table2[[#This Row],[PIM]] -> 0.46666667 | U98: =Table2[[#This Row],[PTS]]/Table2[[#This Row],[GP]]*Table2[[#This Row],[NHL_EQUIVALENT]] -> 0.061967213 | V98: =Table2[[#This Row],[G]]/Table2[[#This Row],[PTS]] -> 0 | W98: =Table2[[#This Row],[A]]/Table2[[#This Row],[PTS]] -> 1 | X98: 0 | Y98: 0 | Z98: CANADA | AA98: #VALUE! | AB98: Anthony Allain-Samaké (D) | AC98: 39335 | AD98: 6'0" | AE98: 165 | AF98: L
A99: 2025 | C99: Zachary Morin | D99: 98 | E99: F | F99: Saint John Sea Dogs | G99: QMJHL | H99: 0.27 | I99: 56 | J99: 16 | K99: 20 | L99: 36 | M99: 21 | N99: =Table2[[#This Row],[G]]/Table2[[#This Row],[GP]] -> 0.28571429 | O99: =Table2[[#This Row],[A]]/Table2[[#This Row],[GP]] -> 0.35714286 | P99: =Table2[[#This Row],[PTS]]/Table2[[#This Row],[GP]] -> 0.64285714 | Q99: =Table2[[#This Row],[PIM]]/Table2[[#This Row],[GP]] -> 0.375 | R99: =(Table2[[#This Row],[G]]^2)/(Table2[[#This Row],[G]]^2+Table2[[#This Row],[A]]^2) -> 0.3902439 | S99: =Table2[[#This Row],[PIM]]/Table2[[#This Row],[PTS]] -> 0.58333333 | T99: =Table2[[#This Row],[PTS]]/Table2[[#This Row],[PIM]] -> 1.7142857 | U99: =Table2[[#This Row],[PTS]]/Table2[[#This Row],[GP]]*Table2[[#This Row],[NHL_EQUIVALENT]] -> 0.17357143 | V99: =Table2[[#This Row],[G]]/Table2[[#This Row],[PTS]] -> 0.44444444 | W99: =Table2[[#This Row],[A]]/Table2[[#This Row],[PTS]] -> 0.55555556 | X99: 0 | Y99: 0 | Z99: CANADA | AA99: #VALUE! | AB99: Zachary Morin (LW) | AC99: 39107 | AD99: 6'2" | AE99: 174 | AF99: L
A100: 2025 | C100: Melvin Novotny | D100: 99 | E100: F | F100: Leksands IF J20 | G100: J20 Nationell | H100: 0.27 | I100: 41 | J100: 12 | K100: 26 | L100: 38 | M100: 37 | N100: =Table2[[#This Row],[G]]/Table2[[#This Row],[GP]] -> 0.29268293 | O100: =Table2[[#This Row],[A]]/Table2[[#This Row],[GP]] -> 0.63414634 | P100: =Table2[[#This Row],[PTS]]/Table2[[#This Row],[GP]] -> 0.92682927 | Q100: =Table2[[#This Row],[PIM]]/Table2[[#This Row],[GP]] -> 0.90243902 | R100: =(Table2[[#This Row],[G]]^2)/(Table2[[#This Row],[G]]^2+Table2[[#This Row],[A]]^2) -> 0.17560976 | S100: =Table2[[#This Row],[PIM]]/Table2[[#This Row],[PTS]] -> 0.97368421 | T100: =Table2[[#This Row],[PTS]]/Table2[[#This Row],[PIM]] -> 1.027027 | U100: =Table2[[#This Row],[PTS]]/Table2[[#This Row],[GP]]*Table2[[#This Row],[NHL_EQUIVALENT]] -> 0.2502439 | V100: =Table2[[#This Row],[G]]/Table2[[#This Row],[PTS]] -> 0.31578947 | W100: =Table2[[#This Row],[A]]/Table2[[#This Row],[PTS]] -> 0.68421053 | X100: 0 | Y100: 0 | Z100: SWEDEN | AA100: #VALUE! | AB100: Melvin Novotny (F) | AC100: 39175 | AD100: 6'1" | AE100: 187 | AF100: L
A101: 2025 | C101: Malte Vass | D101: 100 | E101: D | F101: Farjestad BK J20 | G101: J20 Nationell | H101: 0.27 | I101: 40 | J101: 2 | K101: 9 | L101: 11 | M101: 53 | N101: =Table2[[#This Row],[G]]/Table2[[#This Row],[GP]] -> 0.05 | O101: =Table2[[#This Row],[A]]/Table2[[#This Row],[GP]] -> 0.225 | P101: =Table2[[#This Row],[PTS]]/Table2[[#This Row],[GP]] -> 0.275 | Q101: =Table2[[#This Row],[PIM]]/Table2[[#This Row],[GP]] -> 1.325 | R101: =(Table2[[#This Row],[G]]^2)/(Table2[[#This Row],[G]]^2+Table2[[#This Row],[A]]^2) -> 0.047058824 | S101: =Table2[[#This Row],[PIM]]/Table2[[#This Row],[PTS]] -> 4.8181818 | T101: =Table2[[#This Row],[PTS]]/Table2[[#This Row],[PIM]] -> 0.20754717 | U101: =Table2[[#This Row],[PTS]]/Table2[[#This Row],[GP]]*Table2[[#This Row],[NHL_EQUIVALENT]] -> 0.07425 | V101: =Table2[[#This Row],[G]]/Table2[[#This Row],[PTS]] -> 0.18181818 | W101: =Table2[[#This Row],[A]]/Table2[[#This Row],[PTS]] -> 0.81818182 | X101: 0 | Y101: 0 | Z101: SWEDEN | AA101: #VALUE! | AB101: Malte Vass (D) | AC101: 39169 | AD101: 6'2" | AE101: 185 | AF101: L
A102: 2025 | C102: Carsen Adair | D102: NA | E102: D | F102: Lethbridge Hurricanes | G102: WHL | H102: 0.29 | I102: 66 | J102: 2 | K102: 7 | L102: 9 | M102: 12 | N102: =Table2[[#This Row],[G]]/Table2[[#This Row],[GP]] -> 0.03030303 | O102: =Table2[[#This Row],[A]]/Table2[[#This Row],[GP]] -> 0.10606061 | P102: =Table2[[#This Row],[PTS]]/Table2[[#This Row],[GP]] -> 0.13636364 | Q102: =Table2[[#This Row],[PIM]]/Table2[[#This Row],[GP]] -> 0.18181818 | R102: =(Table2[[#This Row],[G]]^2)/(Table2[[#This Row],[G]]^2+Table2[[#This Row],[A]]^2) -> 0.075471698 | S102: =Table2[[#This Row],[PIM]]/Table2[[#This Row],[PTS]] -> 1.3333333 | T102: =Table2[[#This Row],[PTS]]/Table2[[#This Row],[PIM]] -> 0.75 | U102: =Table2[[#This Row],[PTS]]/Table2[[#This Row],[GP]]*Table2[[#This Row],[NHL_EQUIVALENT]] -> 0.039545455 | V102: =Table2[[#This Row],[G]]/Table2[[#This Row],[PTS]] -> 0.22222222 | W102: =Table2[[#This Row],[A]]/Table2[[#This Row],[PTS]] -> 0.77777778 | Z102: CANADA | AA102: #VALUE! | AB102: Carsen Adair (D) | AC102: 39127 | AD102: 6'3" | AE102: 190 | AF102: L
A103: 2025 | C103: Mike Aeschlimann | D103: NA | E103: F | F103: SCL Young Tigers U21 | G103: U21-Elit | H103: 0.18 | I103: 45 | J103: 15 | K103: 13 | L103: 28 | M103: 30 | N103: =Table2[[#This Row],[G]]/Table2[[#This Row],[GP]] -> 0.33333333 | O103: =Table2[[#This Row],[A]]/Table2[[#This Row],[GP]] -> 0.28888889 | P103: =Table2[[#This Row],[PTS]]/Table2[[#This Row],[GP]] -> 0.62222222 | Q103: =Table2[[#This Row],[PIM]]/Table2[[#This Row],[GP]] -> 0.66666667 | R103: =(Table2[[#This Row],[G]]^2)/(Table2[[#This Row],[G]]^2+Table2[[#This Row],[A]]^2) -> 0.57106599 | S103: =Table2[[#This Row],[PIM]]/Table2[[#This Row],[PTS]] -> 1.0714286 | T103: =Table2[[#This Row],[PTS]]/Table2[[#This Row],[PIM]] -> 0.93333333 | U103: =Table2[[#This Row],[PTS]]/Table2[[#This Row],[GP]]*Table2[[#This Row],[NHL_EQUIVALENT]] -> 0.112 | V103: =Table2[[#This Row],[G]]/Table2[[#This Row],[PTS]] -> 0.53571429 | W103: =Table2[[#This Row],[A]]/Table2[[#This Row],[PTS]] -> 0.46428571 | Z103: SWITZERLAND | AA103: #VALUE! | AB103: Mike Aeschlimann (F) | AC103: 39311 | AD103: 6'2" | AE103: 183 | AF103: R
A104: 2025 | C104: Reko Alanko | D104: NA | E104: D | F104: Jokerit U18 | G104: U18 SM-sarja | H104: 0.16 | I104: 33 | J104: 4 | K104: 9 | L104: 13 | M104: 50 | N104: =Table2[[#This Row],[G]]/Table2[[#This Row],[GP]] -> 0.12121212 | O104: =Table2[[#This Row],[A]]/Table2[[#This Row],[GP]] -> 0.27272727 | P104: =Table2[[#This Row],[PTS]]/Table2[[#This Row],[GP]] -> 0.39393939 | Q104: =Table2[[#This Row],[PIM]]/Table2[[#This Row],[GP]] -> 1.5151515 | R104: =(Table2[[#This Row],[G]]^2)/(Table2[[#This Row],[G]]^2+Table2[[#This Row],[A]]^2) -> 0.16494845 | S104: =Table2[[#This Row],[PIM]]/Table2[[#This Row],[PTS]] -> 3.8461538 | T104: =Table2[[#This Row],[PTS]]/Table2[[#This Row],[PIM]] -> 0.26 | U104: =Table2[[#This Row],[PTS]]/Table2[[#This Row],[GP]]*Table2[[#This Row],[NHL_EQUIVALENT]] -> 0.063030303 | V104: =Table2[[#This Row],[G]]/Table2[[#This Row],[PTS]] -> 0.30769231 | W104: =Table2[[#This Row],[A]]/Table2[[#This Row],[PTS]] -> 0.69230769 | Z104: FINLAND | AA104: #VALUE! | AB104: Reko Alanko (D) | AC104: 39278 | AD104: 6'6" | AE104: 205 | AF104: R
A105: 2025 | C105: Dryden Allen | D105: NA | E105: D | F105: Dubuque Fighting Saints | G105: USHL | H105: 0.27 | I105: 60 | J105: 3 | K105: 12 | L105: 15 | M105: 26 | N105: =Table2[[#This Row],[G]]/Table2[[#This Row],[GP]] -> 0.05 | O105: =Table2[[#This Row],[A]]/Table2[[#This Row],[GP]] -> 0.2 | P105: =Table2[[#This Row],[PTS]]/Table2[[#This Row],[GP]] -> 0.25 | Q105: =Table2[[#This Row],[PIM]]/Table2[[#This Row],[GP]] -> 0.43333333 | R105: =(Table2[[#This Row],[G]]^2)/(Table2[[#This Row],[G]]^2+Table2[[#This Row],[A]]^2) -> 0.058823529 | S105: =Table2[[#This Row],[PIM]]/Table2[[#This Row],[PTS]] -> 1.7333333 | T105: =Table2[[#This Row],[PTS]]/Table2[[#This Row],[PIM]] -> 0.57692308 | U105: =Table2[[#This Row],[PTS]]/Table2[[#This Row],[GP]]*Table2[[#This Row],[NHL_EQUIVALENT]] -> 0.0675 | V105: =Table2[[#This Row],[G]]/Table2[[#This Row],[PTS]] -> 0.2 | W105: =Table2[[#This Row],[A]]/Table2[[#This Row],[PTS]] -> 0.8 | Z105: CANADA | AA105: #VALUE! | AB105: Dryden Allen (D) | AC105: 39303 | AD105: 6'1" | AE105: 187 | AF105: L
A106: 2025 | C106: Drew Allison | D106: NA | E106: D | F106: Baie-Comeau Drakkar | G106: QMJHL | H106: 0.27 | I106: 35 | J106: 0 | K106: 5 | L106: 5 | M106: 12 | N106: =Table2[[#This Row],[G]]/Table2[[#This Row],[GP]] -> 0 | O106: =Table2[[#This Row],[A]]/Table2[[#This Row],[GP]] -> 0.14285714 | P106: =Table2[[#This Row],[PTS]]/Table2[[#This Row],[GP]] -> 0.14285714 | Q106: =Table2[[#This Row],[PIM]]/Table2[[#This Row],[GP]] -> 0.34285714 | R106: =(Table2[[#This Row],[G]]^2)/(Table2[[#This Row],[G]]^2+Table2[[#This Row],[A]]^2) -> 0 | S106: =Table2[[#This Row],[PIM]]/Table2[[#This Row],[PTS]] -> 2.4 | T106: =Table2[[#This Row],[PTS]]/Table2[[#This Row],[PIM]] -> 0.41666667 | U106: =Table2[[#This Row],[PTS]]/Table2[[#This Row],[GP]]*Table2[[#This Row],[NHL_EQUIVALENT]] -> 0.038571429 | V106: =Table2[[#This Row],[G]]/Table2[[#This Row],[PTS]] -> 0 | W106: =Table2[[#This Row],[A]]/Table2[[#This Row],[PTS]] -> 1 | Z106: CANADA | AA106: #VALUE! | AB106: Drew Allison (D) | AC106: 39267 | AD106: 6'2" | AE106: 192 | AF106: L
A107: 2025 | C107: Dennis AltÃ¶rn | D107: NA | E107: F | F107: Leksands IF | G107: SHL | H107: 0.55 | I107: 21 | J107: 1 | K107: 0 | L107: 1 | M107: 0 | N107: =Table2[[#This Row],[G]]/Table2[[#This Row],[GP]] -> 0.047619048 | O107: =Table2[[#This Row],[A]]/Table2[[#This Row],[GP]] -> 0 | P107: =Table2[[#This Row],[PTS]]/Table2[[#This Row],[GP]] -> 0.047619048 | Q107: =Table2[[#This Row],[PIM]]/Table2[[#This Row],[GP]] -> 0 | R107: =(Table2[[#This Row],[G]]^2)/(Table2[[#This Row],[G]]^2+Table2[[#This Row],[A]]^2) -> 1 | S107: =Table2[[#This Row],[PIM]]/Table2[[#This Row],[PTS]] -> 0 | T107: =Table2[[#This Row],[PTS]]/Table2[[#This Row],[PIM]] -> #DIV/0! | U107: =Table2[[#This Row],[PTS]]/Table2[[#This Row],[GP]]*Table2[[#This Row],[NHL_EQUIVALENT]] -> 0.026190476 | V107: =Table2[[#This Row],[G]]/Table2[[#This Row],[PTS]] -> 1 | W107: =Table2[[#This Row],[A]]/Table2[[#This Row],[PTS]] -> 0 | Z107: SWEDEN | AA107: #VALUE! | AB107: Dennis Altörn (F) | AC107: 38581 | AD107: 6'2" | AE107: 183 | AF107: L
A108: 2025 | C108: Lirim Amidovski | D108: NA | E108: F | F108: North Bay Battalion | G108: OHL | H108: 0.3 | I108: 67 | J108: 19 | K108: 13 | L108: 32 | M108: 38 | N108: =Table2[[#This Row],[G]]/Table2[[#This Row],[GP]] -> 0.28358209 | O108: =Table2[[#This Row],[A]]/Table2[[#This Row],[GP]] -> 0.19402985 | P108: =Table2[[#This Row],[PTS]]/Table2[[#This Row],[GP]] -> 0.47761194 | Q108: =Table2[[#This Row],[PIM]]/Table2[[#This Row],[GP]] -> 0.56716418 | R108: =(Table2[[#This Row],[G]]^2)/(Table2[[#This Row],[G]]^2+Table2[[#This Row],[A]]^2) -> 0.68113208 | S108: =Table2[[#This Row],[PIM]]/Table2[[#This Row],[PTS]] -> 1.1875 | T108: =Table2[[#This Row],[PTS]]/Table2[[#This Row],[PIM]] -> 0.84210526 | U108: =Table2[[#This Row],[PTS]]/Table2[[#This Row],[GP]]*Table2[[#This Row],[NHL_EQUIVALENT]] -> 0.14328358 | V108: =Table2[[#This Row],[G]]/Table2[[#This Row],[PTS]] -> 0.59375 | W108: =Table2[[#This Row],[A]]/Table2[[#This Row],[PTS]] -> 0.40625 | Z108: CANADA | AA108: #VALUE! | AB108: Lirim Amidovski (RW) | AC108: 39073 | AD108: 6'1" | AE108: 174 | AF108: R
A109: 2025 | C109: Poul Andersen | D109: NA | E109: F | F109: Sherwood Park Crusaders | G109: BCHL | H109: 0.27 | I109: 51 | J109: 29 | K109: 30 | L109: 59 | M109: 23 | N109: =Table2[[#This Row],[G]]/Table2[[#This Row],[GP]] -> 0.56862745 | O109: =Table2[[#This Row],[A]]/Table2[[#This Row],[GP]] -> 0.58823529 | P109: =Table2[[#This Row],[PTS]]/Table2[[#This Row],[GP]] -> 1.1568627 | Q109: =Table2[[#This Row],[PIM]]/Table2[[#This Row],[GP]] -> 0.45098039 | R109: =(Table2[[#This Row],[G]]^2)/(Table2[[#This Row],[G]]^2+Table2[[#This Row],[A]]^2) -> 0.48305572 | S109: =Table2[[#This Row],[PIM]]/Table2[[#This Row],[PTS]] -> 0.38983051 | T109: =Table2[[#This Row],[PTS]]/Table2[[#This Row],[PIM]] -> 2.5652174 | U109: =Table2[[#This Row],[PTS]]/Table2[[#This Row],[GP]]*Table2[[#This Row],[NHL_EQUIVALENT]] -> 0.31235294 | V109: =Table2[[#This Row],[G]]/Table2[[#This Row],[PTS]] -> 0.49152542 | W109: =Table2[[#This Row],[A]]/Table2[[#This Row],[PTS]] -> 0.50847458 | Z109: USA | AA109: #VALUE! | AB109: Poul Andersen (F) | AC109: 39234 | AD109: 6'1" | AE109: 181 | AF109: R
A110: 2025 | C110: Karl Annborn | D110: NA | E110: D | F110: HV71 J20 | G110: J20 Nationell | H110: 0.27 | I110: 39 | J110: 3 | K110: 21 | L110: 24 | M110: 4 | N110: =Table2[[#This Row],[G]]/Table2[[#This Row],[GP]] -> 0.076923077 | O110: =Table2[[#This Row],[A]]/Table2[[#This Row],[GP]] -> 0.53846154 | P110: =Table2[[#This Row],[PTS]]/Table2[[#This Row],[GP]] -> 0.61538462 | Q110: =Table2[[#This Row],[PIM]]/Table2[[#This Row],[GP]] -> 0.1025641 | R110: =(Table2[[#This Row],[G]]^2)/(Table2[[#This Row],[G]]^2+Table2[[#This Row],[A]]^2) -> 0.02 | S110: =Table2[[#This Row],[PIM]]/Table2[[#This Row],[PTS]] -> 0.16666667 | T110: =Table2[[#This Row],[PTS]]/Table2[[#This Row],[PIM]] -> 6 | U110: =Table2[[#This Row],[PTS]]/Table2[[#This Row],[GP]]*Table2[[#This Row],[NHL_EQUIVALENT]] -> 0.16615385 | V110: =Table2[[#This Row],[G]]/Table2[[#This Row],[PTS]] -> 0.125 | W110: =Table2[[#This Row],[A]]/Table2[[#This Row],[PTS]] -> 0.875 | Z110: SWEDEN | AA110: #VALUE! | AB110: Karl Annborn (D) | AC110: 39147 | AD110: 6'1" | AE110: 187 | AF110: R
A111: 2025 | C111: Robin Nico Antenen | D111: NA | E111: F | F111: EV Zug U21 | G111: U21-Elit | H111: 0.18 | I111: 26 | J111: 14 | K111: 11 | L111: 25 | M111: 14 | N111: =Table2[[#This Row],[G]]/Table2[[#This Row],[GP]] -> 0.53846154 | O111: =Table2[[#This Row],[A]]/Table2[[#This Row],[GP]] -> 0.42307692 | P111: =Table2[[#This Row],[PTS]]/Table2[[#This Row],[GP]] -> 0.96153846 | Q111: =Table2[[#This Row],[PIM]]/Table2[[#This Row],[GP]] -> 0.53846154 | R111: =(Table2[[#This Row],[G]]^2)/(Table2[[#This Row],[G]]^2+Table2[[#This Row],[A]]^2) -> 0.61829653 | S111: =Table2[[#This Row],[PIM]]/Table2[[#This Row],[PTS]] -> 0.56 | T111: =Table2[[#This Row],[PTS]]/Table2[[#This Row],[PIM]] -> 1.7857143 | U111: =Table2[[#This Row],[PTS]]/Table2[[#This Row],[GP]]*Table2[[#This Row],[NHL_EQUIVALENT]] -> 0.17307692 | V111: =Table2[[#This Row],[G]]/Table2[[#This Row],[PTS]] -> 0.56 | W111: =Table2[[#This Row],[A]]/Table2[[#This Row],[PTS]] -> 0.44 | Z111: SWITZERLAND | AA111: #VALUE! | AB111: Robin Nico Antenen (LW) | AC111: 38858 | AD111: 6'2" | AE111: 190 | AF111: L
A112: 2025 | C112: Ivan Arkhipov | D112: NA | E112: F | F112: MHK Dynamo Moskva | G112: MHL | H112: 0.2 | I112: 50 | J112: 11 | K112: 26 | L112: 37 | M112: 26 | N112: =Table2[[#This Row],[G]]/Table2[[#This Row],[GP]] -> 0.22 | O112: =Table2[[#This Row],[A]]/Table2[[#This Row],[GP]] -> 0.52 | P112: =Table2[[#This Row],[PTS]]/Table2[[#This Row],[GP]] -> 0.74 | Q112: =Table2[[#This Row],[PIM]]/Table2[[#This Row],[GP]] -> 0.52 | R112: =(Table2[[#This Row],[G]]^2)/(Table2[[#This Row],[G]]^2+Table2[[#This Row],[A]]^2) -> 0.15181932 | S112: =Table2[[#This Row],[PIM]]/Table2[[#This Row],[PTS]] -> 0.7027027 | T112: =Table2[[#This Row],[PTS]]/Table2[[#This Row],[PIM]] -> 1.4230769 | U112: =Table2[[#This Row],[PTS]]/Table2[[#This Row],[GP]]*Table2[[#This Row],[NHL_EQUIVALENT]] -> 0.148 | V112: =Table2[[#This Row],[G]]/Table2[[#This Row],[PTS]] -> 0.2972973 | W112: =Table2[[#This Row],[A]]/Table2[[#This Row],[PTS]] -> 0.7027027 | Z112: RUSSIA | AA112: #VALUE! | AB112: Ivan Arkhipov (C) | AC112: 39270 | AD112: 5'11" | AE112: 161 | AF112: L
A113: 2025 | C113: Blake Arrowsmith | D113: NA | E113: F | F113: Niagara IceDogs | G113: OHL | H113: 0.3 | I113: 43 | J113: 7 | K113: 8 | L113: 15 | M113: 52 | N113: =Table2[[#This Row],[G]]/Table2[[#This Row],[GP]] -> 0.1627907 | O113: =Table2[[#This Row],[A]]/Table2[[#This Row],[GP]] -> 0.18604651 | P113: =Table2[[#This Row],[PTS]]/Table2[[#This Row],[GP]] -> 0.34883721 | Q113: =Table2[[#This Row],[PIM]]/Table2[[#This Row],[GP]] -> 1.2093023 | R113: =(Table2[[#This Row],[G]]^2)/(Table2[[#This Row],[G]]^2+Table2[[#This Row],[A]]^2) -> 0.43362832 | S113: =Table2[[#This Row],[PIM]]/Table2[[#This Row],[PTS]] -> 3.4666667 | T113: =Table2[[#This Row],[PTS]]/Table2[[#This Row],[PIM]] -> 0.28846154 | U113: =Table2[[#This Row],[PTS]]/Table2[[#This Row],[GP]]*Table2[[#This Row],[NHL_EQUIVALENT]] -> 0.10465116 | V113: =Table2[[#This Row],[G]]/Table2[[#This Row],[PTS]] -> 0.46666667 | W113: =Table2[[#This Row],[A]]/Table2[[#This Row],[PTS]] -> 0.53333333 | Z113: USA | AA113: #VALUE! | AB113: Blake Arrowsmith (F) | AC113: 39189 | AD113: 6'0" | AE113: 190 | AF113: R
... A115: 2025 | C115: Joshua Avery | D115: NA | E115: F | F115: Brantford Bulldogs | G115: OHL | H115: 0.3 | I115: 53 | J115: 9 | K115: 12 | L115: 21 | M115: 18 | N115: =Table2[[#This Row],[G]]/Table2[[#This Row],[GP]] -> 0.16981132 | O115: =Table2[[#This Row],[A]]/Table2[[#This Row],[GP]] -> 0.22641509 | P115: =Table2[[#This Row],[PTS]]/Table2[[#This Row],[GP]] -> 0.39622642 | Q115: =Table2[[#This Row],[PIM]]/Table2[[#This Row],[GP]] -> 0.33962264 | R115: =(Table2[[#This Row],[G]]^2)/(Table2[[#This Row],[G]]^2+Table2[[#This Row],[A]]^2) -> 0.36 | S115: =Table2[[#This Row],[PIM]]/Table2[[#This Row],[PTS]] -> 0.85714286 | T115: =Table2[[#This Row],[PTS]]/Table2[[#This Row],[PIM]] -> 1.1666667 | U115: =Table2[[#This Row],[PTS]]/Table2[[#This Row],[GP]]*Table2[[#This Row],[NHL_EQUIVALENT]] -> 0.11886792 | V115: =Table2[[#This Row],[G]]/Table2[[#This Row],[PTS]] -> 0.42857143 | W115: =Table2[[#This Row],[A]]/Table2[[#This Row],[PTS]] -> 0.57142857 | Z115: CANADA | AA115: #VALUE! | AB115: Joshua Avery (C) | AC115: 39112 | AD115: 6'1" | AE115: 170 | AF115: L
A116: 2025 | C116: Carl Axelsson | D116: NA | E116: G | F116: Austin Bruins | G116: NAHL | H116: 0.2 | I116: 19 | J116: 1.74 | K116: 0.937 | L116: - | M116: - | N116: =Table2[[#This Row],[G]]/Table2[[#This Row],[GP]] -> 0.091578947 | O116: =Table2[[#This Row],[A]]/Table2[[#This Row],[GP]] -> 0.049315789 | P116: =Table2[[#This Row],[PTS]]/Table2[[#This Row],[GP]] -> #VALUE! | Q116: =Table2[[#This Row],[PIM]]/Table2[[#This Row],[GP]] -> #VALUE! | R116: =(Table2[[#This Row],[G]]^2)/(Table2[[#This Row],[G]]^2+Table2[[#This Row],[A]]^2) -> 0.77520075 | S116: =Table2[[#This Row],[PIM]]/Table2[[#This Row],[PTS]] -> #VALUE! | T116: =Table2[[#This Row],[PTS]]/Table2[[#This Row],[PIM]] -> #VALUE! | U116: =Table2[[#This Row],[PTS]]/Table2[[#This Row],[GP]]*Table2[[#This Row],[NHL_EQUIVALENT]] -> #VALUE! | V116: =Table2[[#This Row],[G]]/Table2[[#This Row],[PTS]] -> #VALUE! | W116: =Table2[[#This Row],[A]]/Table2[[#This Row],[PTS]] -> #VALUE! | Z116: SWEDEN | AA116: #VALUE! | AB116: Carl Axelsson (G) | AC116: 39042 | AD116: 6'4" | AE116: 183 | AF116: L
A117: 2025 | C117: Rasmus BaggstrÃ¶m | D117: NA | E117: F | F117: HIFK U20 | G117: U20 SM-sarja | H117: 0.22 | I117: 4 | J117: 1 | K117: 2 | L117: 3 | M117: 2 | N117: =Table2[[#This Row],[G]]/Table2[[#This Row],[GP]] -> 0.25 | O117: =Table2[[#This Row],[A]]/Table2[[#This Row],[GP]] -> 0.5 | P117: =Table2[[#This Row],[PTS]]/Table2[[#This Row],[GP]] -> 0.75 | Q117: =Table2[[#This Row],[PIM]]/Table2[[#This Row],[GP]] -> 0.5 | R117: =(Table2[[#This Row],[G]]^2)/(Table2[[#This Row],[G]]^2+Table2[[#This Row],[A]]^2) -> 0.2 | S117: =Table2[[#This Row],[PIM]]/Table2[[#This Row],[PTS]] -> 0.66666667 | T117: =Table2[[#This Row],[PTS]]/Table2[[#This Row],[PIM]] -> 1.5 | U117: =Table2[[#This Row],[PTS]]/Table2[[#This Row],[GP]]*Table2[[#This Row],[NHL_EQUIVALENT]] -> 0.165 | V117: =Table2[[#This Row],[G]]/Table2[[#This Row],[PTS]] -> 0.33333333 | W117: =Table2[[#This Row],[A]]/Table2[[#This Row],[PTS]] -> 0.66666667 | Z117: FINLAND | AA117: #VALUE! | AB117: Rasmus Baggström (F) | AC117: 39098 | AD117: 6'1" | AE117: 203 | AF117: L
A118: 2025 | C118: Everett Baldwin | D118: NA | E118: D | F118: St. George's School | G118: USHS-Prep | H118: 0.1 | I118: 22 | J118: 10 | K118: 10 | L118: 20 | M118: - | N118: =Table2[[#This Row],[G]]/Table2[[#This Row],[GP]] -> 0.45454545 | O118: =Table2[[#This Row],[A]]/Table2[[#This Row],[GP]] -> 0.45454545 | P118: =Table2[[#This Row],[PTS]]/Table2[[#This Row],[GP]] -> 0.90909091 | Q118: =Table2[[#This Row],[PIM]]/Table2[[#This Row],[GP]] -> #VALUE! | R118: =(Table2[[#This Row],[G]]^2)/(Table2[[#This Row],[G]]^2+Table2[[#This Row],[A]]^2) -> 0.5 | S118: =Table2[[#This Row],[PIM]]/Table2[[#This Row],[PTS]] -> #VALUE! | T118: =Table2[[#This Row],[PTS]]/Table2[[#This Row],[PIM]] -> #VALUE! | U118: =Table2[[#This Row],[PTS]]/Table2[[#This Row],[GP]]*Table2[[#This Row],[NHL_EQUIVALENT]] -> 0.090909091 | V118: =Table2[[#This Row],[G]]/Table2[[#This Row],[PTS]] -> 0.5 | W118: =Table2[[#This Row],[A]]/Table2[[#This Row],[PTS]] -> 0.5 | Z118: USA | AA118: #VALUE! | AB118: Everett Baldwin (D) | AC118: 39097 | AD118: 6'0" | AE118: 174 | AF118: R
A119: 2025 | C119: Richard Baran | D119: NA | E119: D | F119: Des Moines Buccaneers | G119: USHL | H119: 0.27 | I119: 54 | J119: 4 | K119: 26 | L119: 30 | M119: 12 | N119: =Table2[[#This Row],[G]]/Table2[[#This Row],[GP]] -> 0.074074074 | O119: =Table2[[#This Row],[A]]/Table2[[#This Row],[GP]] -> 0.48148148 | P119: =Table2[[#This Row],[PTS]]/Table2[[#This Row],[GP]] -> 0.55555556 | Q119: =Table2[[#This Row],[PIM]]/Table2[[#This Row],[GP]] -> 0.22222222 | R119: =(Table2[[#This Row],[G]]^2)/(Table2[[#This Row],[G]]^2+Table2[[#This Row],[A]]^2) -> 0.023121387 | S119: =Table2[[#This Row],[PIM]]/Table2[[#This Row],[PTS]] -> 0.4 | T119: =Table2[[#This Row],[PTS]]/Table2[[#This Row],[PIM]] -> 2.5 | U119: =Table2[[#This Row],[PTS]]/Table2[[#This Row],[GP]]*Table2[[#This Row],[NHL_EQUIVALENT]] -> 0.15 | V119: =Table2[[#This Row],[G]]/Table2[[#This Row],[PTS]] -> 0.13333333 | W119: =Table2[[#This Row],[A]]/Table2[[#This Row],[PTS]] -> 0.86666667 | Z119: SLOVAKIA | AA119: #VALUE! | AB119: Richard Baran (D) | AC119: 38649 | AD119: 6'1" | AE119: 185 | AF119: L
A120: 2025 | C120: Hayden Barch | D120: NA | E120: D | F120: Saginaw Spirit | G120: OHL | H120: 0.3 | I120: 27 | J120: 1 | K120: 4 | L120: 5 | M120: 29 | N120: =Table2[[#This Row],[G]]/Table2[[#This Row],[GP]] -> 0.037037037 | O120: =Table2[[#This Row],[A]]/Table2[[#This Row],[GP]] -> 0.14814815 | P120: =Table2[[#This Row],[PTS]]/Table2[[#This Row],[GP]] -> 0.18518519 | Q120: =Table2[[#This Row],[PIM]]/Table2[[#This Row],[GP]] -> 1.0740741 | R120: =(Table2[[#This Row],[G]]^2)/(Table2[[#This Row],[G]]^2+Table2[[#This Row],[A]]^2) -> 0.058823529 | S120: =Table2[[#This Row],[PIM]]/Table2[[#This Row],[PTS]] -> 5.8 | T120: =Table2[[#This Row],[PTS]]/Table2[[#This Row],[PIM]] -> 0.17241379 | U120: =Table2[[#This Row],[PTS]]/Table2[[#This Row],[GP]]*Table2[[#This Row],[NHL_EQUIVALENT]] -> 0.055555556 | V120: =Table2[[#This Row],[G]]/Table2[[#This Row],[PTS]] -> 0.2 | W120: =Table2[[#This Row],[A]]/Table2[[#This Row],[PTS]] -> 0.8 | Z120: USA | AA120: #VALUE! | AB120: Hayden Barch (D) | AC120: 39186 | AD120: 6'0" | AE120: 181 | AF120: R
A121: 2025 | C121: Samuel Barcik | D121: NA | E121: D | F121: HK Spisska Nova Ves | G121: Slovakia | H121: 0.28 | I121: 40 | J121: 4 | K121: 5 | L121: 9 | M121: 10 | N121: =Table2[[#This Row],[G]]/Table2[[#This Row],[GP]] -> 0.1 | O121: =Table2[[#This Row],[A]]/Table2[[#This Row],[GP]] -> 0.125 | P121: =Table2[[#This Row],[PTS]]/Table2[[#This Row],[GP]] -> 0.225 | Q121: =Table2[[#This Row],[PIM]]/Table2[[#This Row],[GP]] -> 0.25 | R121: =(Table2[[#This Row],[G]]^2)/(Table2[[#This Row],[G]]^2+Table2[[#This Row],[A]]^2) -> 0.3902439 | S121: =Table2[[#This Row],[PIM]]/Table2[[#This Row],[PTS]] -> 1.1111111 | T121: =Table2[[#This Row],[PTS]]/Table2[[#This Row],[PIM]] -> 0.9 | U121: =Table2[[#This Row],[PTS]]/Table2[[#This Row],[GP]]*Table2[[#This Row],[NHL_EQUIVALENT]] -> 0.063 | V121: =Table2[[#This Row],[G]]/Table2[[#This Row],[PTS]] -> 0.44444444 | W121: =Table2[[#This Row],[A]]/Table2[[#This Row],[PTS]] -> 0.55555556 | Z121: SLOVAKIA | AA121: #VALUE! | AB121: Samuel Barcik (D) | AC121: 38433 | AD121: 6'2" | AE121: 192 | AF121: R
A122: 2025 | C122: Asher Barnett | D122: NA | E122: D | F122: U.S. National U18 Team | G122: NTDP | H122: 0.28 | I122: 58 | J122: 8 | K122: 14 | L122: 22 | M122: 24 | N122: =Table2[[#This Row],[G]]/Table2[[#This Row],[GP]] -> 0.13793103 | O122: =Table2[[#This Row],[A]]/Table2[[#This Row],[GP]] -> 0.24137931 | P122: =Table2[[#This Row],[PTS]]/Table2[[#This Row],[GP]] -> 0.37931034 | Q122: =Table2[[#This Row],[PIM]]/Table2[[#This Row],[GP]] -> 0.4137931 | R122: =(Table2[[#This Row],[G]]^2)/(Table2[[#This Row],[G]]^2+Table2[[#This Row],[A]]^2) -> 0.24615385 | S122: =Table2[[#This Row],[PIM]]/Table2[[#This Row],[PTS]] -> 1.0909091 | T122: =Table2[[#This Row],[PTS]]/Table2[[#This Row],[PIM]] -> 0.91666667 | U122: =Table2[[#This Row],[PTS]]/Table2[[#This Row],[GP]]*Table2[[#This Row],[NHL_EQUIVALENT]] -> 0.1062069 | V122: =Table2[[#This Row],[G]]/Table2[[#This Row],[PTS]] -> 0.36363636 | W122: =Table2[[#This Row],[A]]/Table2[[#This Row],[PTS]] -> 0.63636364 | Z122: USA | AA122: #VALUE! | AB122: Asher Barnett (D) | AC122: 39218 | AD122: 6'0" | AE122: 194 | AF122: L
